ASIN,CustomerReviews>HasReviews,CustomerReviews>IFrameURL,DetailPageURL,ItemAttributes>MPN,ItemAttributes>Model,ItemAttributes>UPC,LargeImage>Height,LargeImage>URL,LargeImage>Width,ListPrice>Amount,ListPrice>CurrencyCode,ListPrice>FormattedPrice,LowestNewPrice>Amount,LowestNewPrice>CurrencyCode,LowestNewPrice>FormattedPrice,MediumImage>Height,MediumImage>URL,MediumImage>Width,OfferAttributes>Condition,OfferSummary>TotalNew,Offers>MoreOffersUrl,Price>Amount,Price>CurrencyCode,Price>FormattedPrice,SalesRank,SmallImage>Height,SmallImage>URL,SmallImage>Width,UPCList>UPCListElement
B00ZD8R30Y,true,http://www.amazon.com/reviews/iframe?akid=AKIAJZXUIQUQZ34J3E5Q&alinkCode=xm2&asin=B00ZD8R30Y&atag=djaroo10-20&exp=2016-06-26T13%3A51%3A03Z&v=2&sig=5scz2SMQWHsTbq6r2P%2BXguwCnh8R9%2Bphh5nNWoCyyfA%3D,http://www.amazon.com/Toshiba-Satellite-S55-C5262-15-6-Inch-Laptop/dp/B00ZD8R30Y%3FSubscriptionId%3DAKIAJZXUIQUQZ34J3E5Q%26tag%3Ddjaroo10-20%26linkCode%3Dxm2%26camp%3D2025%26creative%3D165953%26creativeASIN%3DB00ZD8R30Y,S55-C5262,S55-C5262,889661015048,449,http://ecx.images-amazon.com/images/I/51CYicy5UJL.jpg,500,97999,USD,$979.99,108900,USD,"$1,089.00",144,http://ecx.images-amazon.com/images/I/51CYicy5UJL._SL160_.jpg,160,,2,0,,,,19774,67,http://ecx.images-amazon.com/images/I/51CYicy5UJL._SL75_.jpg,75,889661015048
B019TTJ5RQ,true,http://www.amazon.com/reviews/iframe?akid=AKIAJZXUIQUQZ34J3E5Q&alinkCode=xm2&asin=B019TTJ5RQ&atag=djaroo10-20&exp=2016-06-26T13%3A51%3A03Z&v=2&sig=UN74RAvHWp9ii6CChR8VRa8LXRsXcXPuOTBmNg7ZXfc%3D,http://www.amazon.com/Dell-Inspiron-i5559-4415SLV-Touchscreen-Laptop/dp/B019TTJ5RQ%3Fpsc%3D1%26SubscriptionId%3DAKIAJZXUIQUQZ34J3E5Q%26tag%3Ddjaroo10-20%26linkCode%3Dxm2%26camp%3D2025%26creative%3D165953%26creativeASIN%3DB019TTJ5RQ,i5559-4415SLV,i5559-4415SLV,884116205579,500,http://ecx.images-amazon.com/images/I/41KtISmUmML.jpg,500,67999,USD,$679.99,53998,USD,$539.98,160,http://ecx.images-amazon.com/images/I/41KtISmUmML._SL160_.jpg,160,New,46,http://www.amazon.com/gp/offer-listing/B019TTJ5RQ%3FSubscriptionId%3DAKIAJZXUIQUQZ34J3E5Q%26tag%3Ddjaroo10-20%26linkCode%3Dxm2%26camp%3D2025%26creative%3D386001%26creativeASIN%3DB019TTJ5RQ,53998,USD,$539.98,913,75,http://ecx.images-amazon.com/images/I/41KtISmUmML._SL75_.jpg,75,884116205579
B01DT4A2K6,true,http://www.amazon.com/reviews/iframe?akid=AKIAJZXUIQUQZ34J3E5Q&alinkCode=xm2&asin=B01DT4A2K6&atag=djaroo10-20&exp=2016-06-26T13%3A51%3A04Z&v=2&sig=zYRdYpGEtqtTfpf13SMVRVHAzyoiLRV3dd4MED%2Bwtm4%3D,http://www.amazon.com/G751JY-VS71-WX-17-Inch-GeForce-Version/dp/B01DT4A2K6%3Fpsc%3D1%26SubscriptionId%3DAKIAJZXUIQUQZ34J3E5Q%26tag%3Ddjaroo10-20%26linkCode%3Dxm2%26camp%3D2025%26creative%3D165953%26creativeASIN%3DB01DT4A2K6,G751JY-VS71(WX),G751JY-VS71(WX),889349361016,265,http://ecx.images-amazon.com/images/I/41HXibJZtfL.jpg,500,,,,147900,USD,"$1,479.00",85,http://ecx.images-amazon.com/images/I/41HXibJZtfL._SL160_.jpg,160,New,9,http://www.amazon.com/gp/offer-listing/B01DT4A2K6%3FSubscriptionId%3DAKIAJZXUIQUQZ34J3E5Q%26tag%3Ddjaroo10-20%26linkCode%3Dxm2%26camp%3D2025%26creative%3D386001%26creativeASIN%3DB01DT4A2K6,147900,USD,"$1,479.00",680,40,http://ecx.images-amazon.com/images/I/41HXibJZtfL._SL75_.jpg,75,889349361016
B00K6ZIMFY,true,http://www.amazon.com/reviews/iframe?akid=AKIAJZXUIQUQZ34J3E5Q&alinkCode=xm2&asin=B00K6ZIMFY&atag=djaroo10-20&exp=2016-06-26T13%3A51%3A04Z&v=2&sig=CrPPvYF%2BHSVsChSxszJb%2F%2BzZOZRDokHYoKml8CESNEA%3D,http://www.amazon.com/Lenovo-15-6-Inch-Laptop-59425943-Black/dp/B00K6ZIMFY%3FSubscriptionId%3DAKIAJZXUIQUQZ34J3E5Q%26tag%3Ddjaroo10-20%26linkCode%3Dxm2%26camp%3D2025%26creative%3D165953%26creativeASIN%3DB00K6ZIMFY,59425943,59425943,888772456290,458,http://ecx.images-amazon.com/images/I/51KWtM1fnJL.jpg,500,,,,120800,USD,"$1,208.00",147,http://ecx.images-amazon.com/images/I/51KWtM1fnJL._SL160_.jpg,160,New,4,http://www.amazon.com/gp/offer-listing/B00K6ZIMFY%3FSubscriptionId%3DAKIAJZXUIQUQZ34J3E5Q%26tag%3Ddjaroo10-20%26linkCode%3Dxm2%26camp%3D2025%26creative%3D386001%26creativeASIN%3DB00K6ZIMFY,120800,USD,"$1,208.00",11829,69,http://ecx.images-amazon.com/images/I/51KWtM1fnJL._SL75_.jpg,75,888772456290
B00XZGUL8W,true,http://www.amazon.com/reviews/iframe?akid=AKIAJZXUIQUQZ34J3E5Q&alinkCode=xm2&asin=B00XZGUL8W&atag=djaroo10-20&exp=2016-06-26T13%3A51%3A10Z&v=2&sig=v2raoABVky71IbPUkKXIxRWmrM91DM2XRE34tquygO8%3D,http://www.amazon.com/Apple-MacBook-MJLT2LL-15-4-Inch-Display/dp/B00XZGUL8W%3Fpsc%3D1%26SubscriptionId%3DAKIAJZXUIQUQZ34J3E5Q%26tag%3Ddjaroo10-20%26linkCode%3Dxm2%26camp%3D2025%26creative%3D165953%26creativeASIN%3DB00XZGUL8W,MJLT2LL/A,MJLT2LL/A,888462101110,295,http://ecx.images-amazon.com/images/I/41nUlN0d90L.jpg,500,,,,228900,USD,"$2,289.00",94,http://ecx.images-amazon.com/images/I/41nUlN0d90L._SL160_.jpg,160,New,3,http://www.amazon.com/gp/offer-listing/B00XZGUL8W%3FSubscriptionId%3DAKIAJZXUIQUQZ34J3E5Q%26tag%3Ddjaroo10-20%26linkCode%3Dxm2%26camp%3D2025%26creative%3D386001%26creativeASIN%3DB00XZGUL8W,228900,USD,"$2,289.00",423,44,http://ecx.images-amazon.com/images/I/41nUlN0d90L._SL75_.jpg,75,"['888462101110', '636173543862', '816326020239', '088778987419', '640925995496']"
B01BA5I7PS,false,http://www.amazon.com/reviews/iframe?akid=AKIAJZXUIQUQZ34J3E5Q&alinkCode=xm2&asin=B01BA5I7PS&atag=djaroo10-20&exp=2016-06-26T13%3A51%3A10Z&v=2&sig=jl8i65kh%2FaSSmc7tzHBnUg4AcZ%2FTtL%2B9S9JAq6NQ4Q8%3D,http://www.amazon.com/HP-plane-Switching-Technology-Workstation/dp/B01BA5I7PS%3FSubscriptionId%3DAKIAJZXUIQUQZ34J3E5Q%26tag%3Ddjaroo10-20%26linkCode%3Dxm2%26camp%3D2025%26creative%3D165953%26creativeASIN%3DB01BA5I7PS,V1Q07UT#ABA,V1Q07UT#ABA,889899041536,300,http://ecx.images-amazon.com/images/I/312a9z2M-xL.jpg,300,,,,260584,USD,"$2,605.84",160,http://ecx.images-amazon.com/images/I/312a9z2M-xL._SL160_.jpg,160,New,25,http://www.amazon.com/gp/offer-listing/B01BA5I7PS%3FSubscriptionId%3DAKIAJZXUIQUQZ34J3E5Q%26tag%3Ddjaroo10-20%26linkCode%3Dxm2%26camp%3D2025%26creative%3D386001%26creativeASIN%3DB01BA5I7PS,260999,USD,"$2,609.99",35103,75,http://ecx.images-amazon.com/images/I/312a9z2M-xL._SL75_.jpg,75,889899041536
B0150PK892,true,http://www.amazon.com/reviews/iframe?akid=AKIAJZXUIQUQZ34J3E5Q&alinkCode=xm2&asin=B0150PK892&atag=djaroo10-20&exp=2016-06-26T13%3A51%3A11Z&v=2&sig=Wl3gDodmdC%2FpvdYD3VQlCkLkixGCtEE6595PBbmxtBo%3D,http://www.amazon.com/MSI-GE72-Apache-Pro-029-i7-6700HQ/dp/B0150PK892%3Fpsc%3D1%26SubscriptionId%3DAKIAJZXUIQUQZ34J3E5Q%26tag%3Ddjaroo10-20%26linkCode%3Dxm2%26camp%3D2025%26creative%3D165953%26creativeASIN%3DB0150PK892,GE72 Apache Pro-029,GE72 Apache Pro-029,824142121801,412,http://ecx.images-amazon.com/images/I/41-UCKN8BUL.jpg,500,,,,124999,USD,"$1,249.99",132,http://ecx.images-amazon.com/images/I/41-UCKN8BUL._SL160_.jpg,160,New,65,http://www.amazon.com/gp/offer-listing/B0150PK892%3FSubscriptionId%3DAKIAJZXUIQUQZ34J3E5Q%26tag%3Ddjaroo10-20%26linkCode%3Dxm2%26camp%3D2025%26creative%3D386001%26creativeASIN%3DB0150PK892,124999,USD,"$1,249.99",2362,62,http://ecx.images-amazon.com/images/I/41-UCKN8BUL._SL75_.jpg,75,824142121801
B018AX3OHO,true,http://www.amazon.com/reviews/iframe?akid=AKIAJZXUIQUQZ34J3E5Q&alinkCode=xm2&asin=B018AX3OHO&atag=djaroo10-20&exp=2016-06-26T13%3A51%3A11Z&v=2&sig=DLv0dV%2Bo91TGxejp%2By7kbOrnsOw16Q06%2FCQokd%2FG1Ok%3D,http://www.amazon.com/Asus-UX501VW-DS71T-ASUS-15-6-Laptop/dp/B018AX3OHO%3FSubscriptionId%3DAKIAJZXUIQUQZ34J3E5Q%26tag%3Ddjaroo10-20%26linkCode%3Dxm2%26camp%3D2025%26creative%3D165953%26creativeASIN%3DB018AX3OHO,UX501VW-DS71T,UX501VW-DS71T,889349251362,500,http://ecx.images-amazon.com/images/I/41O%2BamZyqlL.jpg,500,,,,139800,USD,"$1,398.00",160,http://ecx.images-amazon.com/images/I/41O%2BamZyqlL._SL160_.jpg,160,New,51,http://www.amazon.com/gp/offer-listing/B018AX3OHO%3FSubscriptionId%3DAKIAJZXUIQUQZ34J3E5Q%26tag%3Ddjaroo10-20%26linkCode%3Dxm2%26camp%3D2025%26creative%3D386001%26creativeASIN%3DB018AX3OHO,139900,USD,"$1,399.00",939,75,http://ecx.images-amazon.com/images/I/41O%2BamZyqlL._SL75_.jpg,75,"['889349251362', '787468126472', '788581298145']"
B015ZG997I,true,http://www.amazon.com/reviews/iframe?akid=AKIAJZXUIQUQZ34J3E5Q&alinkCode=xm2&asin=B015ZG997I&atag=djaroo10-20&exp=2016-06-26T13%3A51%3A12Z&v=2&sig=THdCl11x7EalFl28je1l7DIE6%2BwIEgWYZ5e1NA4qeLc%3D,http://www.amazon.com/GL552VW-DH74-15-Inch-Discrete-GeForce-Metallic/dp/B015ZG997I%3Fpsc%3D1%26SubscriptionId%3DAKIAJZXUIQUQZ34J3E5Q%26tag%3Ddjaroo10-20%26linkCode%3Dxm2%26camp%3D2025%26creative%3D165953%26creativeASIN%3DB015ZG997I,GL552VW-DH74,GL552VW-DH74,889349191149,375,http://ecx.images-amazon.com/images/I/41JuUFBstEL.jpg,500,,,,107500,USD,"$1,075.00",120,http://ecx.images-amazon.com/images/I/41JuUFBstEL._SL160_.jpg,160,New,58,http://www.amazon.com/gp/offer-listing/B015ZG997I%3FSubscriptionId%3DAKIAJZXUIQUQZ34J3E5Q%26tag%3Ddjaroo10-20%26linkCode%3Dxm2%26camp%3D2025%26creative%3D386001%26creativeASIN%3DB015ZG997I,107698,USD,"$1,076.98",203,56,http://ecx.images-amazon.com/images/I/41JuUFBstEL._SL75_.jpg,75,889349191149
B01AC40KSK,true,http://www.amazon.com/reviews/iframe?akid=AKIAJZXUIQUQZ34J3E5Q&alinkCode=xm2&asin=B01AC40KSK&atag=djaroo10-20&exp=2016-06-26T13%3A51%3A17Z&v=2&sig=v1MIoJYDjS1%2FY8EsI2ySmS167ey2Ub%2B4k0IaMo%2Fua0E%3D,http://www.amazon.com/MSI-GS60-4K-238-i7-6700HQ-THUNDERBOLT/dp/B01AC40KSK%3Fpsc%3D1%26SubscriptionId%3DAKIAJZXUIQUQZ34J3E5Q%26tag%3Ddjaroo10-20%26linkCode%3Dxm2%26camp%3D2025%26creative%3D165953%26creativeASIN%3DB01AC40KSK,9S7-16H712-238; GS60 GHOST,9S7-16H712-238; GS60 GHOST,824142126127,329,http://ecx.images-amazon.com/images/I/41QUZoPFTkL.jpg,500,189900,USD,"$1,899.00",,,Too low to display,105,http://ecx.images-amazon.com/images/I/41QUZoPFTkL._SL160_.jpg,160,New,48,http://www.amazon.com/gp/offer-listing/B01AC40KSK%3FSubscriptionId%3DAKIAJZXUIQUQZ34J3E5Q%26tag%3Ddjaroo10-20%26linkCode%3Dxm2%26camp%3D2025%26creative%3D386001%26creativeASIN%3DB01AC40KSK,175986,USD,"$1,759.86",3475,49,http://ecx.images-amazon.com/images/I/41QUZoPFTkL._SL75_.jpg,75,824142126127
B0146DD02G,true,http://www.amazon.com/reviews/iframe?akid=AKIAJZXUIQUQZ34J3E5Q&alinkCode=xm2&asin=B0146DD02G&atag=djaroo10-20&exp=2016-06-26T13%3A51%3A17Z&v=2&sig=n4%2F0WJKfotSK75ou8oZUvZQ%2FOIqm96FXyb1uHoY2kp8%3D,http://www.amazon.com/K501UX-15-6-inch-Gaming-Processor-Windows/dp/B0146DD02G%3Fpsc%3D1%26SubscriptionId%3DAKIAJZXUIQUQZ34J3E5Q%26tag%3Ddjaroo10-20%26linkCode%3Dxm2%26camp%3D2025%26creative%3D165953%26creativeASIN%3DB0146DD02G,K501UX-AH71,K501UX-AH71,889349200438,375,http://ecx.images-amazon.com/images/I/41WN8y6bohL.jpg,500,79900,USD,$799.00,79900,USD,$799.00,120,http://ecx.images-amazon.com/images/I/41WN8y6bohL._SL160_.jpg,160,New,6,http://www.amazon.com/gp/offer-listing/B0146DD02G%3FSubscriptionId%3DAKIAJZXUIQUQZ34J3E5Q%26tag%3Ddjaroo10-20%26linkCode%3Dxm2%26camp%3D2025%26creative%3D386001%26creativeASIN%3DB0146DD02G,79900,USD,$799.00,393,56,http://ecx.images-amazon.com/images/I/41WN8y6bohL._SL75_.jpg,75,889349200438
B016Z1H4ZQ,true,http://www.amazon.com/reviews/iframe?akid=AKIAJZXUIQUQZ34J3E5Q&alinkCode=xm2&asin=B016Z1H4ZQ&atag=djaroo10-20&exp=2016-06-26T13%3A51%3A18Z&v=2&sig=UMY3Plyj0hYm%2BEqHPXEX448uPuFKKs3OjBbNizvA5%2F0%3D,http://www.amazon.com/HP-17-s010nr-17-3-Inch-Laptop-Intel/dp/B016Z1H4ZQ%3FSubscriptionId%3DAKIAJZXUIQUQZ34J3E5Q%26tag%3Ddjaroo10-20%26linkCode%3Dxm2%26camp%3D2025%26creative%3D165953%26creativeASIN%3DB016Z1H4ZQ,17-s010nr,17-s010nr,889894560643,425,http://ecx.images-amazon.com/images/I/41TkfO8Jz2L.jpg,500,,,,,,Too low to display,136,http://ecx.images-amazon.com/images/I/41TkfO8Jz2L._SL160_.jpg,160,New,8,http://www.amazon.com/gp/offer-listing/B016Z1H4ZQ%3FSubscriptionId%3DAKIAJZXUIQUQZ34J3E5Q%26tag%3Ddjaroo10-20%26linkCode%3Dxm2%26camp%3D2025%26creative%3D386001%26creativeASIN%3DB016Z1H4ZQ,,,Too low to display,14808,64,http://ecx.images-amazon.com/images/I/41TkfO8Jz2L._SL75_.jpg,75,889894560643
B015P3SO22,true,http://www.amazon.com/reviews/iframe?akid=AKIAJZXUIQUQZ34J3E5Q&alinkCode=xm2&asin=B015P3SO22&atag=djaroo10-20&exp=2016-06-26T13%3A51%3A18Z&v=2&sig=bvbtDd8UXNBkxVKTAAHCD0xSBVVgF8%2FgrI46usH36Qo%3D,http://www.amazon.com/Alienware-AW17R3-7092SLV-17-3-Inch-Generation-GeForce/dp/B015P3SO22%3Fpsc%3D1%26SubscriptionId%3DAKIAJZXUIQUQZ34J3E5Q%26tag%3Ddjaroo10-20%26linkCode%3Dxm2%26camp%3D2025%26creative%3D165953%26creativeASIN%3DB015P3SO22,AW17R3-7092SLV,AW17R3-7092SLV,884116203162,500,http://ecx.images-amazon.com/images/I/41PGUKuYDhL.jpg,500,214999,USD,"$2,149.99",199999,USD,"$1,999.99",160,http://ecx.images-amazon.com/images/I/41PGUKuYDhL._SL160_.jpg,160,New,38,http://www.amazon.com/gp/offer-listing/B015P3SO22%3FSubscriptionId%3DAKIAJZXUIQUQZ34J3E5Q%26tag%3Ddjaroo10-20%26linkCode%3Dxm2%26camp%3D2025%26creative%3D386001%26creativeASIN%3DB015P3SO22,203099,USD,"$2,030.99",17549,75,http://ecx.images-amazon.com/images/I/41PGUKuYDhL._SL75_.jpg,75,884116203162
B01CJ384EE,false,http://www.amazon.com/reviews/iframe?akid=AKIAJZXUIQUQZ34J3E5Q&alinkCode=xm2&asin=B01CJ384EE&atag=djaroo10-20&exp=2016-06-26T13%3A51%3A24Z&v=2&sig=tfLmMmGkP3B1EylAsSpyN7yV%2FSonRFkF1ao3kI2HlfU%3D,http://www.amazon.com/Dell-Inspiron-2-1-Touch-Screen/dp/B01CJ384EE%3FSubscriptionId%3DAKIAJZXUIQUQZ34J3E5Q%26tag%3Ddjaroo10-20%26linkCode%3Dxm2%26camp%3D2025%26creative%3D165953%26creativeASIN%3DB01CJ384EE,,i3153-5025BLU,884116169161,305,http://ecx.images-amazon.com/images/I/41pAf--zTEL.jpg,500,,,,63999,USD,$639.99,98,http://ecx.images-amazon.com/images/I/41pAf--zTEL._SL160_.jpg,160,,5,0,,,,202998,46,http://ecx.images-amazon.com/images/I/41pAf--zTEL._SL75_.jpg,75,884116169161
B0178L9KPO,false,http://www.amazon.com/reviews/iframe?akid=AKIAJZXUIQUQZ34J3E5Q&alinkCode=xm2&asin=B0178L9KPO&atag=djaroo10-20&exp=2016-06-26T13%3A51%3A25Z&v=2&sig=LknGH0l%2FE0gqAni78k67kgimLHg3vv9MKMyv%2FlPGSU4%3D,http://www.amazon.com/Dell-Inspiron-I3543-8750BLK-Notebook-Dual-Core/dp/B0178L9KPO%3FSubscriptionId%3DAKIAJZXUIQUQZ34J3E5Q%26tag%3Ddjaroo10-20%26linkCode%3Dxm2%26camp%3D2025%26creative%3D165953%26creativeASIN%3DB0178L9KPO,i3543-8750BLK,I3543-8750BLK,884116212232,280,http://ecx.images-amazon.com/images/I/31MgQ4bvLZL.jpg,492,,,,46038,USD,$460.38,91,http://ecx.images-amazon.com/images/I/31MgQ4bvLZL._SL160_.jpg,160,New,6,http://www.amazon.com/gp/offer-listing/B0178L9KPO%3FSubscriptionId%3DAKIAJZXUIQUQZ34J3E5Q%26tag%3Ddjaroo10-20%26linkCode%3Dxm2%26camp%3D2025%26creative%3D386001%26creativeASIN%3DB0178L9KPO,49758,USD,$497.58,12726,43,http://ecx.images-amazon.com/images/I/31MgQ4bvLZL._SL75_.jpg,75,884116212232
B014MIBQXA,true,http://www.amazon.com/reviews/iframe?akid=AKIAJZXUIQUQZ34J3E5Q&alinkCode=xm2&asin=B014MIBQXA&atag=djaroo10-20&exp=2016-06-26T13%3A51%3A25Z&v=2&sig=EBQbw8MdPhbU7TMcukZLd46GWa5cNxZRSU7VcQapT%2Fg%3D,http://www.amazon.com/Lenovo-ideapad-Chromebook-80QN0009US-Processor/dp/B014MIBQXA%3FSubscriptionId%3DAKIAJZXUIQUQZ34J3E5Q%26tag%3Ddjaroo10-20%26linkCode%3Dxm2%26camp%3D2025%26creative%3D165953%26creativeASIN%3DB014MIBQXA,80QN0009US,80QN0009US,889800850318,446,http://ecx.images-amazon.com/images/I/41eNK2MrwGL.jpg,500,17999,USD,$179.99,13849,USD,$138.49,143,http://ecx.images-amazon.com/images/I/41eNK2MrwGL._SL160_.jpg,160,New,47,http://www.amazon.com/gp/offer-listing/B014MIBQXA%3FSubscriptionId%3DAKIAJZXUIQUQZ34J3E5Q%26tag%3Ddjaroo10-20%26linkCode%3Dxm2%26camp%3D2025%26creative%3D386001%26creativeASIN%3DB014MIBQXA,14900,USD,$149.00,1504,67,http://ecx.images-amazon.com/images/I/41eNK2MrwGL._SL75_.jpg,75,889800850318
B015CQ8PNA,true,http://www.amazon.com/reviews/iframe?akid=AKIAJZXUIQUQZ34J3E5Q&alinkCode=xm2&asin=B015CQ8PNA&atag=djaroo10-20&exp=2016-06-26T13%3A51%3A25Z&v=2&sig=QYJX2f%2FVLX7vwwo3Trj6kOIgyzvlYr8x0lFUgRBDBA0%3D,http://www.amazon.com/HP-Stream-13-3-Inch-Celeron-Personal/dp/B015CQ8PNA%3Fpsc%3D1%26SubscriptionId%3DAKIAJZXUIQUQZ34J3E5Q%26tag%3Ddjaroo10-20%26linkCode%3Dxm2%26camp%3D2025%26creative%3D165953%26creativeASIN%3DB015CQ8PNA,13-c110nr,13-c110nr,889894330611,425,http://ecx.images-amazon.com/images/I/512dY%2BmlmlL.jpg,500,22999,USD,$229.99,,,Too low to display,136,http://ecx.images-amazon.com/images/I/512dY%2BmlmlL._SL160_.jpg,160,New,41,http://www.amazon.com/gp/offer-listing/B015CQ8PNA%3FSubscriptionId%3DAKIAJZXUIQUQZ34J3E5Q%26tag%3Ddjaroo10-20%26linkCode%3Dxm2%26camp%3D2025%26creative%3D386001%26creativeASIN%3DB015CQ8PNA,,,Too low to display,177,64,http://ecx.images-amazon.com/images/I/512dY%2BmlmlL._SL75_.jpg,75,889894330611
B015A9Z25S,true,http://www.amazon.com/reviews/iframe?akid=AKIAJZXUIQUQZ34J3E5Q&alinkCode=xm2&asin=B015A9Z25S&atag=djaroo10-20&exp=2016-06-26T13%3A51%3A26Z&v=2&sig=2D0xjv%2FZf3YSu7adHf%2FcqW5J57iSOUzhVQPDtz1aQg0%3D,http://www.amazon.com/HP-Pavilion-13-s120nr-13-3-Inch-Convertible/dp/B015A9Z25S%3Fpsc%3D1%26SubscriptionId%3DAKIAJZXUIQUQZ34J3E5Q%26tag%3Ddjaroo10-20%26linkCode%3Dxm2%26camp%3D2025%26creative%3D165953%26creativeASIN%3DB015A9Z25S,13-s120nr,13-s120nr,889894330871,425,http://ecx.images-amazon.com/images/I/41971uKRbtL.jpg,500,52999,USD,$529.99,,,Too low to display,136,http://ecx.images-amazon.com/images/I/41971uKRbtL._SL160_.jpg,160,New,26,http://www.amazon.com/gp/offer-listing/B015A9Z25S%3FSubscriptionId%3DAKIAJZXUIQUQZ34J3E5Q%26tag%3Ddjaroo10-20%26linkCode%3Dxm2%26camp%3D2025%26creative%3D386001%26creativeASIN%3DB015A9Z25S,,,Too low to display,2892,64,http://ecx.images-amazon.com/images/I/41971uKRbtL._SL75_.jpg,75,889894330871
B00VGCLGR2,false,http://www.amazon.com/reviews/iframe?akid=AKIAJZXUIQUQZ34J3E5Q&alinkCode=xm2&asin=B00VGCLGR2&atag=djaroo10-20&exp=2016-06-26T13%3A51%3A31Z&v=2&sig=hLa1v24cmuQHtARvzkqlVhTngoHdYiEGO15JThdTaZg%3D,http://www.amazon.com/x040nr-Chrome-2GB-16GB-Ref/dp/B00VGCLGR2%3FSubscriptionId%3DAKIAJZXUIQUQZ34J3E5Q%26tag%3Ddjaroo10-20%26linkCode%3Dxm2%26camp%3D2025%26creative%3D165953%26creativeASIN%3DB00VGCLGR2,J9M94UAR#ABA,J9M94UAR#ABA,889296019626,400,http://ecx.images-amazon.com/images/I/417TpuuJM2L.jpg,400,,,,49180,USD,$491.80,160,http://ecx.images-amazon.com/images/I/417TpuuJM2L._SL160_.jpg,160,,1,0,,,,68083,75,http://ecx.images-amazon.com/images/I/417TpuuJM2L._SL75_.jpg,75,889296019626
B00T0QZL40,true,http://www.amazon.com/reviews/iframe?akid=AKIAJZXUIQUQZ34J3E5Q&alinkCode=xm2&asin=B00T0QZL40&atag=djaroo10-20&exp=2016-06-26T13%3A51%3A32Z&v=2&sig=8XRp57Salt0WbUp6IrusjzP7nK%2F7RSZy9oVPXw1aVHM%3D,http://www.amazon.com/Acer-Chromebook-C910-C453-15-6-inch-Celeron/dp/B00T0QZL40%3FSubscriptionId%3DAKIAJZXUIQUQZ34J3E5Q%26tag%3Ddjaroo10-20%26linkCode%3Dxm2%26camp%3D2025%26creative%3D165953%26creativeASIN%3DB00T0QZL40,NX.EF3AA.003,C910-C453,888863051021,351,http://ecx.images-amazon.com/images/I/51uprbgQjHL.jpg,500,,,,28900,USD,$289.00,112,http://ecx.images-amazon.com/images/I/51uprbgQjHL._SL160_.jpg,160,New,72,http://www.amazon.com/gp/offer-listing/B00T0QZL40%3FSubscriptionId%3DAKIAJZXUIQUQZ34J3E5Q%26tag%3Ddjaroo10-20%26linkCode%3Dxm2%26camp%3D2025%26creative%3D386001%26creativeASIN%3DB00T0QZL40,28900,USD,$289.00,9523,53,http://ecx.images-amazon.com/images/I/51uprbgQjHL._SL75_.jpg,75,888863051021
B01H8XXWNI,false,http://www.amazon.com/reviews/iframe?akid=AKIAJZXUIQUQZ34J3E5Q&alinkCode=xm2&asin=B01H8XXWNI&atag=djaroo10-20&exp=2016-06-26T13%3A51%3A32Z&v=2&sig=5%2BUI%2BLGSEr4qCdrA63j0MnLvYNdqRZOis8KGiqqvwhM%3D,http://www.amazon.com/Lenovo-Yoga-710-14-i5-6200U/dp/B01H8XXWNI%3FSubscriptionId%3DAKIAJZXUIQUQZ34J3E5Q%26tag%3Ddjaroo10-20%26linkCode%3Dxm2%26camp%3D2025%26creative%3D165953%26creativeASIN%3DB01H8XXWNI,,80TY0009US,190576355533,486,http://ecx.images-amazon.com/images/I/51BtREcssnL.jpg,500,,,,103080,USD,"$1,030.80",156,http://ecx.images-amazon.com/images/I/51BtREcssnL._SL160_.jpg,160,New,2,http://www.amazon.com/gp/offer-listing/B01H8XXWNI%3FSubscriptionId%3DAKIAJZXUIQUQZ34J3E5Q%26tag%3Ddjaroo10-20%26linkCode%3Dxm2%26camp%3D2025%26creative%3D386001%26creativeASIN%3DB01H8XXWNI,103080,USD,"$1,030.80",,73,http://ecx.images-amazon.com/images/I/51BtREcssnL._SL75_.jpg,75,190576355533
B00NC088EA,true,http://www.amazon.com/reviews/iframe?akid=AKIAJZXUIQUQZ34J3E5Q&alinkCode=xm2&asin=B00NC088EA&atag=djaroo10-20&exp=2016-06-26T13%3A51%3A33Z&v=2&sig=h49T5zB4jtRj9YRipqk81E1vE7Rfx%2F8Ppz5IchO2%2FIc%3D,http://www.amazon.com/Acer-Chromebook13-CB5-311-T9B0-13-3-inch-NVIDIA/dp/B00NC088EA%3Fpsc%3D1%26SubscriptionId%3DAKIAJZXUIQUQZ34J3E5Q%26tag%3Ddjaroo10-20%26linkCode%3Dxm2%26camp%3D2025%26creative%3D165953%26creativeASIN%3DB00NC088EA,CB5-311-T9B0,CB5-311-T9B0,887899794414,405,http://ecx.images-amazon.com/images/I/515WminzHTL.jpg,500,29999,USD,$299.99,25999,USD,$259.99,130,http://ecx.images-amazon.com/images/I/515WminzHTL._SL160_.jpg,160,New,12,http://www.amazon.com/gp/offer-listing/B00NC088EA%3FSubscriptionId%3DAKIAJZXUIQUQZ34J3E5Q%26tag%3Ddjaroo10-20%26linkCode%3Dxm2%26camp%3D2025%26creative%3D386001%26creativeASIN%3DB00NC088EA,25999,USD,$259.99,3958,61,http://ecx.images-amazon.com/images/I/515WminzHTL._SL75_.jpg,75,887899794414
B018DYW7VE,true,http://www.amazon.com/reviews/iframe?akid=AKIAJZXUIQUQZ34J3E5Q&alinkCode=xm2&asin=B018DYW7VE&atag=djaroo10-20&exp=2016-06-26T13%3A51%3A33Z&v=2&sig=mtsIUThowOAPt8SIoNLmaKde%2F%2BIzOptbBs8GPKUvS6o%3D,http://www.amazon.com/Asus-X553SA-BHCLN10-Celeron-Processor-Windows/dp/B018DYW7VE%3FSubscriptionId%3DAKIAJZXUIQUQZ34J3E5Q%26tag%3Ddjaroo10-20%26linkCode%3Dxm2%26camp%3D2025%26creative%3D165953%26creativeASIN%3DB018DYW7VE,X553SA,X553SA-BHCLN10,889349194133,375,http://ecx.images-amazon.com/images/I/41c9BPO40VL.jpg,500,,,,25500,USD,$255.00,120,http://ecx.images-amazon.com/images/I/41c9BPO40VL._SL160_.jpg,160,New,39,http://www.amazon.com/gp/offer-listing/B018DYW7VE%3FSubscriptionId%3DAKIAJZXUIQUQZ34J3E5Q%26tag%3Ddjaroo10-20%26linkCode%3Dxm2%26camp%3D2025%26creative%3D386001%26creativeASIN%3DB018DYW7VE,27586,USD,$275.86,942,56,http://ecx.images-amazon.com/images/I/41c9BPO40VL._SL75_.jpg,75,889349194133
B00UGEBB94,true,http://www.amazon.com/reviews/iframe?akid=AKIAJZXUIQUQZ34J3E5Q&alinkCode=xm2&asin=B00UGEBB94&atag=djaroo10-20&exp=2016-06-26T13%3A51%3A39Z&v=2&sig=mmgyP7cHz5pBVO2ro7XOoZ0MytXSqprS93T8a7OGjQY%3D,http://www.amazon.com/Apple-MacBook-MJVE2LL-13-inch-Laptop/dp/B00UGEBB94%3Fpsc%3D1%26SubscriptionId%3DAKIAJZXUIQUQZ34J3E5Q%26tag%3Ddjaroo10-20%26linkCode%3Dxm2%26camp%3D2025%26creative%3D165953%26creativeASIN%3DB00UGEBB94,MJVE2LL/A,MJVE2LL/A,888462109765,287,http://ecx.images-amazon.com/images/I/51SNX0afDML.jpg,500,99900,USD,$999.00,89900,USD,$899.00,92,http://ecx.images-amazon.com/images/I/51SNX0afDML._SL160_.jpg,160,New,2,http://www.amazon.com/gp/offer-listing/B00UGEBB94%3FSubscriptionId%3DAKIAJZXUIQUQZ34J3E5Q%26tag%3Ddjaroo10-20%26linkCode%3Dxm2%26camp%3D2025%26creative%3D386001%26creativeASIN%3DB00UGEBB94,89900,USD,$899.00,588,43,http://ecx.images-amazon.com/images/I/51SNX0afDML._SL75_.jpg,75,"['888462109765', '736649735408']"
B00UGE8RXC,true,http://www.amazon.com/reviews/iframe?akid=AKIAJZXUIQUQZ34J3E5Q&alinkCode=xm2&asin=B00UGE8RXC&atag=djaroo10-20&exp=2016-06-26T13%3A51%3A39Z&v=2&sig=owe%2FFc3TYDOzUKmRxySO4golojbb%2FkTJYiy0YHlAq1c%3D,http://www.amazon.com/Apple-MJVM2LL-11-6-Inch-Integrated-Graphics/dp/B00UGE8RXC%3Fpsc%3D1%26SubscriptionId%3DAKIAJZXUIQUQZ34J3E5Q%26tag%3Ddjaroo10-20%26linkCode%3Dxm2%26camp%3D2025%26creative%3D165953%26creativeASIN%3DB00UGE8RXC,MJVM2LL/A,MJVM2LL/A,616348081672,261,http://ecx.images-amazon.com/images/I/41ksIEly8SL.jpg,500,,,,84900,USD,$849.00,84,http://ecx.images-amazon.com/images/I/41ksIEly8SL._SL160_.jpg,160,New,2,http://www.amazon.com/gp/offer-listing/B00UGE8RXC%3FSubscriptionId%3DAKIAJZXUIQUQZ34J3E5Q%26tag%3Ddjaroo10-20%26linkCode%3Dxm2%26camp%3D2025%26creative%3D386001%26creativeASIN%3DB00UGE8RXC,84900,USD,$849.00,1199,39,http://ecx.images-amazon.com/images/I/41ksIEly8SL._SL75_.jpg,75,"['616348081672', '888462341677']"
B014854RGK,true,http://www.amazon.com/reviews/iframe?akid=AKIAJZXUIQUQZ34J3E5Q&alinkCode=xm2&asin=B014854RGK&atag=djaroo10-20&exp=2016-06-26T13%3A51%3A40Z&v=2&sig=%2Bj%2BoFtIAr%2BU1oaDEsExHiK58LsTOH9cthJ%2BTrHkXaKM%3D,http://www.amazon.com/Transformer-T100HA-C4-GR-10-1-Inch-Touchscreen-Quad-Core/dp/B014854RGK%3Fpsc%3D1%26SubscriptionId%3DAKIAJZXUIQUQZ34J3E5Q%26tag%3Ddjaroo10-20%26linkCode%3Dxm2%26camp%3D2025%26creative%3D165953%26creativeASIN%3DB014854RGK,T100HA-C4-GR,T100HA-C4-GR,889349161753,375,http://ecx.images-amazon.com/images/I/41RrOVqFQuL.jpg,500,29900,USD,$299.00,26995,USD,$269.95,120,http://ecx.images-amazon.com/images/I/41RrOVqFQuL._SL160_.jpg,160,New,50,http://www.amazon.com/gp/offer-listing/B014854RGK%3FSubscriptionId%3DAKIAJZXUIQUQZ34J3E5Q%26tag%3Ddjaroo10-20%26linkCode%3Dxm2%26camp%3D2025%26creative%3D386001%26creativeASIN%3DB014854RGK,28380,USD,$283.80,279,56,http://ecx.images-amazon.com/images/I/41RrOVqFQuL._SL75_.jpg,75,889349161753
B017KWCZXA,false,http://www.amazon.com/reviews/iframe?akid=AKIAJZXUIQUQZ34J3E5Q&alinkCode=xm2&asin=B017KWCZXA&atag=djaroo10-20&exp=2016-06-26T13%3A51%3A40Z&v=2&sig=T1hnb%2BTjHgPXETWtU%2B7YSf1Gm4AC4rszk2xIxSq3624%3D,http://www.amazon.com/Acer-VN7-792G-75RU-Notebook-Computer-i7-6700HQ/dp/B017KWCZXA%3FSubscriptionId%3DAKIAJZXUIQUQZ34J3E5Q%26tag%3Ddjaroo10-20%26linkCode%3Dxm2%26camp%3D2025%26creative%3D165953%26creativeASIN%3DB017KWCZXA,NX.G6TAA.005,VN7-792G-75RU,888863413942,500,http://ecx.images-amazon.com/images/I/51sfCBP8u7L.jpg,500,,,,107000,USD,"$1,070.00",160,http://ecx.images-amazon.com/images/I/51sfCBP8u7L._SL160_.jpg,160,New,5,http://www.amazon.com/gp/offer-listing/B017KWCZXA%3FSubscriptionId%3DAKIAJZXUIQUQZ34J3E5Q%26tag%3Ddjaroo10-20%26linkCode%3Dxm2%26camp%3D2025%26creative%3D386001%26creativeASIN%3DB017KWCZXA,107000,USD,"$1,070.00",5705,75,http://ecx.images-amazon.com/images/I/51sfCBP8u7L._SL75_.jpg,75,888863413942
B015PZ0EHS,true,http://www.amazon.com/reviews/iframe?akid=AKIAJZXUIQUQZ34J3E5Q&alinkCode=xm2&asin=B015PZ0EHS&atag=djaroo10-20&exp=2016-06-26T13%3A51%3A41Z&v=2&sig=jlVlKoVN%2FzVSLknjKjMDKgrQm1bk%2BfLaNEO0ZrlajjQ%3D,http://www.amazon.com/Dell-i7559-7512GRY-Touchscreen-Generation-Processor/dp/B015PZ0EHS%3Fpsc%3D1%26SubscriptionId%3DAKIAJZXUIQUQZ34J3E5Q%26tag%3Ddjaroo10-20%26linkCode%3Dxm2%26camp%3D2025%26creative%3D165953%26creativeASIN%3DB015PZ0EHS,i7559-7512GRY,i7559-7512GRY,884116204084,500,http://ecx.images-amazon.com/images/I/419DWJfUXuL.jpg,500,129999,USD,"$1,299.99",123695,USD,"$1,236.95",160,http://ecx.images-amazon.com/images/I/419DWJfUXuL._SL160_.jpg,160,New,30,http://www.amazon.com/gp/offer-listing/B015PZ0EHS%3FSubscriptionId%3DAKIAJZXUIQUQZ34J3E5Q%26tag%3Ddjaroo10-20%26linkCode%3Dxm2%26camp%3D2025%26creative%3D386001%26creativeASIN%3DB015PZ0EHS,125309,USD,"$1,253.09",1400,75,http://ecx.images-amazon.com/images/I/419DWJfUXuL._SL75_.jpg,75,884116204084
B01578ZKPO,true,http://www.amazon.com/reviews/iframe?akid=AKIAJZXUIQUQZ34J3E5Q&alinkCode=xm2&asin=B01578ZKPO&atag=djaroo10-20&exp=2016-06-26T13%3A51%3A46Z&v=2&sig=dYEuhJ%2BU6XI9BlDC%2BPS0gz0fq9OnWjVwD3bcstPT8Vo%3D,http://www.amazon.com/GL552VW-DH71-15-Inch-Discrete-GeForce-Metallic/dp/B01578ZKPO%3Fpsc%3D1%26SubscriptionId%3DAKIAJZXUIQUQZ34J3E5Q%26tag%3Ddjaroo10-20%26linkCode%3Dxm2%26camp%3D2025%26creative%3D165953%26creativeASIN%3DB01578ZKPO,GL552VW-DH71,GL552VW-DH71,655257536514,375,http://ecx.images-amazon.com/images/I/41JuUFBstEL.jpg,500,,,,,,Too low to display,120,http://ecx.images-amazon.com/images/I/41JuUFBstEL._SL160_.jpg,160,New,69,http://www.amazon.com/gp/offer-listing/B01578ZKPO%3FSubscriptionId%3DAKIAJZXUIQUQZ34J3E5Q%26tag%3Ddjaroo10-20%26linkCode%3Dxm2%26camp%3D2025%26creative%3D386001%26creativeASIN%3DB01578ZKPO,94999,USD,$949.99,392,56,http://ecx.images-amazon.com/images/I/41JuUFBstEL._SL75_.jpg,75,"['655257536514', '889349162767']"
B017E0MK1U,false,http://www.amazon.com/reviews/iframe?akid=AKIAJZXUIQUQZ34J3E5Q&alinkCode=xm2&asin=B017E0MK1U&atag=djaroo10-20&exp=2016-06-26T13%3A51%3A47Z&v=2&sig=ht6WX63E2Cxzqt%2B2KPCGThVGwSikkHwhi%2FkcXH33g%2Bo%3D,http://www.amazon.com/Asus-90NB0A62-M00930-15-6-6500u-256gb/dp/B017E0MK1U%3FSubscriptionId%3DAKIAJZXUIQUQZ34J3E5Q%26tag%3Ddjaroo10-20%26linkCode%3Dxm2%26camp%3D2025%26creative%3D165953%26creativeASIN%3DB017E0MK1U,90NB0A62-M00930,90NB0A62-M00930,889349200568,500,http://ecx.images-amazon.com/images/I/41Po9vo2k8L.jpg,500,,,,115880,USD,"$1,158.80",160,http://ecx.images-amazon.com/images/I/41Po9vo2k8L._SL160_.jpg,160,New,2,http://www.amazon.com/gp/offer-listing/B017E0MK1U%3FSubscriptionId%3DAKIAJZXUIQUQZ34J3E5Q%26tag%3Ddjaroo10-20%26linkCode%3Dxm2%26camp%3D2025%26creative%3D386001%26creativeASIN%3DB017E0MK1U,115880,USD,"$1,158.80",,75,http://ecx.images-amazon.com/images/I/41Po9vo2k8L._SL75_.jpg,75,889349200568
B0150PK5UO,true,http://www.amazon.com/reviews/iframe?akid=AKIAJZXUIQUQZ34J3E5Q&alinkCode=xm2&asin=B0150PK5UO&atag=djaroo10-20&exp=2016-06-26T13%3A51%3A47Z&v=2&sig=O9wM%2FFqPRHkYVB6kMCnSw3yRKmI7zeZ%2BbF2GzWIh%2FUk%3D,http://www.amazon.com/MSI-GE72-Apache-Pro-003-i7-6700HQ/dp/B0150PK5UO%3Fpsc%3D1%26SubscriptionId%3DAKIAJZXUIQUQZ34J3E5Q%26tag%3Ddjaroo10-20%26linkCode%3Dxm2%26camp%3D2025%26creative%3D165953%26creativeASIN%3DB0150PK5UO,GE72 Apache Pro-003,GE72 Apache Pro-003,824142121290,412,http://ecx.images-amazon.com/images/I/41-UCKN8BUL.jpg,500,,,,113900,USD,"$1,139.00",132,http://ecx.images-amazon.com/images/I/41-UCKN8BUL._SL160_.jpg,160,New,62,http://www.amazon.com/gp/offer-listing/B0150PK5UO%3FSubscriptionId%3DAKIAJZXUIQUQZ34J3E5Q%26tag%3Ddjaroo10-20%26linkCode%3Dxm2%26camp%3D2025%26creative%3D386001%26creativeASIN%3DB0150PK5UO,113900,USD,"$1,139.00",1963,62,http://ecx.images-amazon.com/images/I/41-UCKN8BUL._SL75_.jpg,75,824142121290
B015PYYO0C,true,http://www.amazon.com/reviews/iframe?akid=AKIAJZXUIQUQZ34J3E5Q&alinkCode=xm2&asin=B015PYYO0C&atag=djaroo10-20&exp=2016-06-26T13%3A51%3A47Z&v=2&sig=ukMMwlCmHRYjY8rhdEdnhgeGARcgy4o6AtmNXX01ltc%3D,http://www.amazon.com/Dell-XPS9350-5340SLV-Touchscreen-Generation-Microsoft/dp/B015PYYO0C%3Fpsc%3D1%26SubscriptionId%3DAKIAJZXUIQUQZ34J3E5Q%26tag%3Ddjaroo10-20%26linkCode%3Dxm2%26camp%3D2025%26creative%3D165953%26creativeASIN%3DB015PYYO0C,XPS9350-5340SLV,XPS9350-5340SLV,884116204282,500,http://ecx.images-amazon.com/images/I/41%2Bt2BscAjL.jpg,500,149999,USD,"$1,499.99",129900,USD,"$1,299.00",160,http://ecx.images-amazon.com/images/I/41%2Bt2BscAjL._SL160_.jpg,160,New,14,http://www.amazon.com/gp/offer-listing/B015PYYO0C%3FSubscriptionId%3DAKIAJZXUIQUQZ34J3E5Q%26tag%3Ddjaroo10-20%26linkCode%3Dxm2%26camp%3D2025%26creative%3D386001%26creativeASIN%3DB015PYYO0C,129900,USD,"$1,299.00",999,75,http://ecx.images-amazon.com/images/I/41%2Bt2BscAjL._SL75_.jpg,75,884116204282
B014RJ7OP8,false,http://www.amazon.com/reviews/iframe?akid=AKIAJZXUIQUQZ34J3E5Q&alinkCode=xm2&asin=B014RJ7OP8&atag=djaroo10-20&exp=2016-06-26T13%3A51%3A48Z&v=2&sig=oNILgGb6qTtI5QyU4H7QCmteHff3%2FU3iS3Ufe4M4bhQ%3D,http://www.amazon.com/Acer-Aspire-Touch-Win10-Laptop/dp/B014RJ7OP8%3FSubscriptionId%3DAKIAJZXUIQUQZ34J3E5Q%26tag%3Ddjaroo10-20%26linkCode%3Dxm2%26camp%3D2025%26creative%3D165953%26creativeASIN%3DB014RJ7OP8,NX.MW1AA.003,NX.MW1AA.003,888863258567,500,http://ecx.images-amazon.com/images/I/51%2B8NUOYqkL.jpg,500,,,,65880,USD,$658.80,160,http://ecx.images-amazon.com/images/I/51%2B8NUOYqkL._SL160_.jpg,160,,2,0,,,,70069,75,http://ecx.images-amazon.com/images/I/51%2B8NUOYqkL._SL75_.jpg,75,888863258567
B01A3N6SCW,false,http://www.amazon.com/reviews/iframe?akid=AKIAJZXUIQUQZ34J3E5Q&alinkCode=xm2&asin=B01A3N6SCW&atag=djaroo10-20&exp=2016-06-26T13%3A51%3A54Z&v=2&sig=E0yK12grRXqMcMvl0C9r2YjFYFZdNW9qIjqZV%2FD83Uc%3D,http://www.amazon.com/15-6-Zbook-I7-6700hq-16g-512g/dp/B01A3N6SCW%3FSubscriptionId%3DAKIAJZXUIQUQZ34J3E5Q%26tag%3Ddjaroo10-20%26linkCode%3Dxm2%26camp%3D2025%26creative%3D165953%26creativeASIN%3DB01A3N6SCW,T6E16UT,T6E16UT,889894705228,367,http://ecx.images-amazon.com/images/I/51pUo2BQB9L.jpg,500,,,,174995,USD,"$1,749.95",117,http://ecx.images-amazon.com/images/I/51pUo2BQB9L._SL160_.jpg,160,New,27,http://www.amazon.com/gp/offer-listing/B01A3N6SCW%3FSubscriptionId%3DAKIAJZXUIQUQZ34J3E5Q%26tag%3Ddjaroo10-20%26linkCode%3Dxm2%26camp%3D2025%26creative%3D386001%26creativeASIN%3DB01A3N6SCW,205199,USD,"$2,051.99",90806,55,http://ecx.images-amazon.com/images/I/51pUo2BQB9L._SL75_.jpg,75,889894705228
B01AS8QTWQ,true,http://www.amazon.com/reviews/iframe?akid=AKIAJZXUIQUQZ34J3E5Q&alinkCode=xm2&asin=B01AS8QTWQ&atag=djaroo10-20&exp=2016-06-26T13%3A51%3A54Z&v=2&sig=zzwZFOU3d%2F35rn0Ugun%2FEnd3kqyPfpmHuvlMzuwxd0w%3D,http://www.amazon.com/Lenovo-ThinkPad-20GQ000EUS-Tablet-plane/dp/B01AS8QTWQ%3FSubscriptionId%3DAKIAJZXUIQUQZ34J3E5Q%26tag%3Ddjaroo10-20%26linkCode%3Dxm2%26camp%3D2025%26creative%3D165953%26creativeASIN%3DB01AS8QTWQ,20GQ000EUS,20GQ000EUS,190151427211,500,http://ecx.images-amazon.com/images/I/412HHpB70DL.jpg,500,,,,199900,USD,"$1,999.00",160,http://ecx.images-amazon.com/images/I/412HHpB70DL._SL160_.jpg,160,New,39,http://www.amazon.com/gp/offer-listing/B01AS8QTWQ%3FSubscriptionId%3DAKIAJZXUIQUQZ34J3E5Q%26tag%3Ddjaroo10-20%26linkCode%3Dxm2%26camp%3D2025%26creative%3D386001%26creativeASIN%3DB01AS8QTWQ,199900,USD,"$1,999.00",35020,75,http://ecx.images-amazon.com/images/I/412HHpB70DL._SL75_.jpg,75,190151427211
B01606NQ62,true,http://www.amazon.com/reviews/iframe?akid=AKIAJZXUIQUQZ34J3E5Q&alinkCode=xm2&asin=B01606NQ62&atag=djaroo10-20&exp=2016-06-26T13%3A51%3A55Z&v=2&sig=wW396BHTwK3Y9uykl9a9B521l0WISijGswPH4GzU78U%3D,http://www.amazon.com/Microsoft-Surface-Pro-Intel-Core/dp/B01606NQ62%3Fpsc%3D1%26SubscriptionId%3DAKIAJZXUIQUQZ34J3E5Q%26tag%3Ddjaroo10-20%26linkCode%3Dxm2%26camp%3D2025%26creative%3D165953%26creativeASIN%3DB01606NQ62,TH4-00001,TH4-00001,889842019438,306,http://ecx.images-amazon.com/images/I/41yRDqilgHL.jpg,500,219900,USD,"$2,199.00",180000,USD,"$1,800.00",98,http://ecx.images-amazon.com/images/I/41yRDqilgHL._SL160_.jpg,160,New,42,http://www.amazon.com/gp/offer-listing/B01606NQ62%3FSubscriptionId%3DAKIAJZXUIQUQZ34J3E5Q%26tag%3Ddjaroo10-20%26linkCode%3Dxm2%26camp%3D2025%26creative%3D386001%26creativeASIN%3DB01606NQ62,192793,USD,"$1,927.93",622,46,http://ecx.images-amazon.com/images/I/41yRDqilgHL._SL75_.jpg,75,889842019438
B014MIBWIO,true,http://www.amazon.com/reviews/iframe?akid=AKIAJZXUIQUQZ34J3E5Q&alinkCode=xm2&asin=B014MIBWIO&atag=djaroo10-20&exp=2016-06-26T13%3A51%3A55Z&v=2&sig=vsaymHzNTFQWea2qsNwnX1EvEmXlkWLI4C9vne03aLs%3D,http://www.amazon.com/Lenovo-15-6-Inch-GeForce-Graphics-80NV0029US/dp/B014MIBWIO%3Fpsc%3D1%26SubscriptionId%3DAKIAJZXUIQUQZ34J3E5Q%26tag%3Ddjaroo10-20%26linkCode%3Dxm2%26camp%3D2025%26creative%3D165953%26creativeASIN%3DB014MIBWIO,80NV0029US,80NV0029US,889955256676,281,http://ecx.images-amazon.com/images/I/31qXri%2B-t%2BL.jpg,500,114999,USD,"$1,149.99",88017,USD,$880.17,90,http://ecx.images-amazon.com/images/I/31qXri%2B-t%2BL._SL160_.jpg,160,New,14,http://www.amazon.com/gp/offer-listing/B014MIBWIO%3FSubscriptionId%3DAKIAJZXUIQUQZ34J3E5Q%26tag%3Ddjaroo10-20%26linkCode%3Dxm2%26camp%3D2025%26creative%3D386001%26creativeASIN%3DB014MIBWIO,88017,USD,$880.17,2143,42,http://ecx.images-amazon.com/images/I/31qXri%2B-t%2BL._SL75_.jpg,75,889955256676
B015PYZ0J6,true,http://www.amazon.com/reviews/iframe?akid=AKIAJZXUIQUQZ34J3E5Q&alinkCode=xm2&asin=B015PYZ0J6&atag=djaroo10-20&exp=2016-06-26T13%3A52%3A01Z&v=2&sig=4qvwFGwiPpTe4%2F9QstnlqRMJ15RPZ776zhJ779AnNsg%3D,http://www.amazon.com/Dell-Inspiron-i7559-2512BLK-Generation-GeForce/dp/B015PYZ0J6%3Fpsc%3D1%26SubscriptionId%3DAKIAJZXUIQUQZ34J3E5Q%26tag%3Ddjaroo10-20%26linkCode%3Dxm2%26camp%3D2025%26creative%3D165953%26creativeASIN%3DB015PYZ0J6,i7559-2512BLK,i7559-2512BLK,884116204107,500,http://ecx.images-amazon.com/images/I/419DWJfUXuL.jpg,500,,,,82000,USD,$820.00,160,http://ecx.images-amazon.com/images/I/419DWJfUXuL._SL160_.jpg,160,New,62,http://www.amazon.com/gp/offer-listing/B015PYZ0J6%3FSubscriptionId%3DAKIAJZXUIQUQZ34J3E5Q%26tag%3Ddjaroo10-20%26linkCode%3Dxm2%26camp%3D2025%26creative%3D386001%26creativeASIN%3DB015PYZ0J6,84999,USD,$849.99,222,75,http://ecx.images-amazon.com/images/I/419DWJfUXuL._SL75_.jpg,75,"['884116204107', '715407512802', '715407519184', '766653301856']"
B014DTPWWY,false,http://www.amazon.com/reviews/iframe?akid=AKIAJZXUIQUQZ34J3E5Q&alinkCode=xm2&asin=B014DTPWWY&atag=djaroo10-20&exp=2016-06-26T13%3A52%3A01Z&v=2&sig=Luq2D3UlAqnBXZ%2FJiZd2wDUOJLJjknPjLSdWdUy2DVg%3D,http://www.amazon.com/255-1-4-4GB-500GB-CAM/dp/B014DTPWWY%3FSubscriptionId%3DAKIAJZXUIQUQZ34J3E5Q%26tag%3Ddjaroo10-20%26linkCode%3Dxm2%26camp%3D2025%26creative%3D165953%26creativeASIN%3DB014DTPWWY,N2S77UT#ABA,N2S77UT#ABA,725184119309,160,http://ecx.images-amazon.com/images/I/21T5Zz%2B-JrL.jpg,160,,,,29047,USD,$290.47,160,http://ecx.images-amazon.com/images/I/21T5Zz%2B-JrL._SL160_.jpg,160,New,5,http://www.amazon.com/gp/offer-listing/B014DTPWWY%3FSubscriptionId%3DAKIAJZXUIQUQZ34J3E5Q%26tag%3Ddjaroo10-20%26linkCode%3Dxm2%26camp%3D2025%26creative%3D386001%26creativeASIN%3DB014DTPWWY,29999,USD,$299.99,24180,75,http://ecx.images-amazon.com/images/I/21T5Zz%2B-JrL._SL75_.jpg,75,725184119309
B01EIUP20U,true,http://www.amazon.com/reviews/iframe?akid=AKIAJZXUIQUQZ34J3E5Q&alinkCode=xm2&asin=B01EIUP20U&atag=djaroo10-20&exp=2016-06-26T13%3A52%3A02Z&v=2&sig=sG0wbFFFdwG8MArqHMDxecSB5oHAjnY4TZckpkYgsW4%3D,http://www.amazon.com/Apple-MMGG2LL-MacBook-13-3-Inch-VERSION/dp/B01EIUP20U%3Fpsc%3D1%26SubscriptionId%3DAKIAJZXUIQUQZ34J3E5Q%26tag%3Ddjaroo10-20%26linkCode%3Dxm2%26camp%3D2025%26creative%3D165953%26creativeASIN%3DB01EIUP20U,MMGG2LL/A,MMGG2LL/A,888462866446,320,http://ecx.images-amazon.com/images/I/41AerRC5u6L.jpg,500,119900,USD,"$1,199.00",117799,USD,"$1,177.99",102,http://ecx.images-amazon.com/images/I/41AerRC5u6L._SL160_.jpg,160,New,2,http://www.amazon.com/gp/offer-listing/B01EIUP20U%3FSubscriptionId%3DAKIAJZXUIQUQZ34J3E5Q%26tag%3Ddjaroo10-20%26linkCode%3Dxm2%26camp%3D2025%26creative%3D386001%26creativeASIN%3DB01EIUP20U,117799,USD,"$1,177.99",419,48,http://ecx.images-amazon.com/images/I/41AerRC5u6L._SL75_.jpg,75,"['888462866446', '636983056828']"
B00UGBMRQ8,true,http://www.amazon.com/reviews/iframe?akid=AKIAJZXUIQUQZ34J3E5Q&alinkCode=xm2&asin=B00UGBMRQ8&atag=djaroo10-20&exp=2016-06-26T13%3A52%3A02Z&v=2&sig=S24Wh6dKMObYjpCOCKMAYLCP%2F%2FLV9eVBugwultVfE5s%3D,http://www.amazon.com/Apple-MF839LL-13-3-Inch-Processor-Yosemite/dp/B00UGBMRQ8%3Fpsc%3D1%26SubscriptionId%3DAKIAJZXUIQUQZ34J3E5Q%26tag%3Ddjaroo10-20%26linkCode%3Dxm2%26camp%3D2025%26creative%3D165953%26creativeASIN%3DB00UGBMRQ8,MF839LL/A,MF839LL/A,787468123990,291,http://ecx.images-amazon.com/images/I/51nHbuhKnqL.jpg,500,129900,USD,"$1,299.00",109999,USD,"$1,099.99",93,http://ecx.images-amazon.com/images/I/51nHbuhKnqL._SL160_.jpg,160,New,2,http://www.amazon.com/gp/offer-listing/B00UGBMRQ8%3FSubscriptionId%3DAKIAJZXUIQUQZ34J3E5Q%26tag%3Ddjaroo10-20%26linkCode%3Dxm2%26camp%3D2025%26creative%3D386001%26creativeASIN%3DB00UGBMRQ8,109999,USD,"$1,099.99",167,44,http://ecx.images-amazon.com/images/I/51nHbuhKnqL._SL75_.jpg,75,"['787468123990', '885909918164', '739027484752']"
B014VHWFKA,true,http://www.amazon.com/reviews/iframe?akid=AKIAJZXUIQUQZ34J3E5Q&alinkCode=xm2&asin=B014VHWFKA&atag=djaroo10-20&exp=2016-06-26T13%3A52%3A03Z&v=2&sig=aIbJw%2Bfh7g%2Bjhy3XU%2FSqXJAhOhlGrjgumrEtkircbJQ%3D,http://www.amazon.com/ZenBook-UX305CA-13-3-Inch-Touchscreen-Quad-HD/dp/B014VHWFKA%3Fpsc%3D1%26SubscriptionId%3DAKIAJZXUIQUQZ34J3E5Q%26tag%3Ddjaroo10-20%26linkCode%3Dxm2%26camp%3D2025%26creative%3D165953%26creativeASIN%3DB014VHWFKA,UX305CA-DHM4T,UX305CA-DHM4T,787468122290,353,http://ecx.images-amazon.com/images/I/41WMpzJ2HzL.jpg,500,79900,USD,$799.00,67999,USD,$679.99,113,http://ecx.images-amazon.com/images/I/41WMpzJ2HzL._SL160_.jpg,160,New,49,http://www.amazon.com/gp/offer-listing/B014VHWFKA%3FSubscriptionId%3DAKIAJZXUIQUQZ34J3E5Q%26tag%3Ddjaroo10-20%26linkCode%3Dxm2%26camp%3D2025%26creative%3D386001%26creativeASIN%3DB014VHWFKA,70900,USD,$709.00,1971,53,http://ecx.images-amazon.com/images/I/41WMpzJ2HzL._SL75_.jpg,75,"['787468122290', '889349186787']"
B012XZJZNC,true,http://www.amazon.com/reviews/iframe?akid=AKIAJZXUIQUQZ34J3E5Q&alinkCode=xm2&asin=B012XZJZNC&atag=djaroo10-20&exp=2016-06-26T13%3A52%3A08Z&v=2&sig=cE0tp2ZaKS0yPydDfaEjl9UKQb%2BP7AcoaWqc0GTaFHw%3D,http://www.amazon.com/Dell-XPS9343-1818SLV-Ultrabook-i5-5200U-Processor/dp/B012XZJZNC%3FSubscriptionId%3DAKIAJZXUIQUQZ34J3E5Q%26tag%3Ddjaroo10-20%26linkCode%3Dxm2%26camp%3D2025%26creative%3D165953%26creativeASIN%3DB012XZJZNC,XPS9343-1818SLV,XPS9343-1818SLV,809395312022,500,http://ecx.images-amazon.com/images/I/314GNwK4AqL.jpg,500,,,,68999,USD,$689.99,160,http://ecx.images-amazon.com/images/I/314GNwK4AqL._SL160_.jpg,160,New,13,http://www.amazon.com/gp/offer-listing/B012XZJZNC%3FSubscriptionId%3DAKIAJZXUIQUQZ34J3E5Q%26tag%3Ddjaroo10-20%26linkCode%3Dxm2%26camp%3D2025%26creative%3D386001%26creativeASIN%3DB012XZJZNC,68999,USD,$689.99,15281,75,http://ecx.images-amazon.com/images/I/314GNwK4AqL._SL75_.jpg,75,"['809395312022', '884116167495']"
B00VXTPKN4,true,http://www.amazon.com/reviews/iframe?akid=AKIAJZXUIQUQZ34J3E5Q&alinkCode=xm2&asin=B00VXTPKN4&atag=djaroo10-20&exp=2016-06-26T13%3A52%3A08Z&v=2&sig=I5lS1u3rjqjiIuueq4q84mDRvewO07udaW2958UocCQ%3D,http://www.amazon.com/Lenovo-Thinkpad-Business-Notebook-Black/dp/B00VXTPKN4%3FSubscriptionId%3DAKIAJZXUIQUQZ34J3E5Q%26tag%3Ddjaroo10-20%26linkCode%3Dxm2%26camp%3D2025%26creative%3D165953%26creativeASIN%3DB00VXTPKN4,20BV000BUS,20BV000BUS,889233133415,475,http://ecx.images-amazon.com/images/I/41Y84TcKdSL.jpg,500,,,,52247,USD,$522.47,152,http://ecx.images-amazon.com/images/I/41Y84TcKdSL._SL160_.jpg,160,New,13,http://www.amazon.com/gp/offer-listing/B00VXTPKN4%3FSubscriptionId%3DAKIAJZXUIQUQZ34J3E5Q%26tag%3Ddjaroo10-20%26linkCode%3Dxm2%26camp%3D2025%26creative%3D386001%26creativeASIN%3DB00VXTPKN4,54900,USD,$549.00,4381,71,http://ecx.images-amazon.com/images/I/41Y84TcKdSL._SL75_.jpg,75,889233133415
B01B9APNG0,true,http://www.amazon.com/reviews/iframe?akid=AKIAJZXUIQUQZ34J3E5Q&alinkCode=xm2&asin=B01B9APNG0&atag=djaroo10-20&exp=2016-06-26T13%3A52%3A09Z&v=2&sig=fCYuDBSQHNJeCS6KBdQMJDFK18luMLY7QvPVWgvwaj8%3D,http://www.amazon.com/VivoBook-E403SA-US21-lightweight-Hairline-brushed/dp/B01B9APNG0%3FSubscriptionId%3DAKIAJZXUIQUQZ34J3E5Q%26tag%3Ddjaroo10-20%26linkCode%3Dxm2%26camp%3D2025%26creative%3D165953%26creativeASIN%3DB01B9APNG0,E403SA-US21,E403SA-US21,889349338568,500,http://ecx.images-amazon.com/images/I/51Ip%2BmFaQTL.jpg,500,39900,USD,$399.00,39900,USD,$399.00,160,http://ecx.images-amazon.com/images/I/51Ip%2BmFaQTL._SL160_.jpg,160,New,32,http://www.amazon.com/gp/offer-listing/B01B9APNG0%3FSubscriptionId%3DAKIAJZXUIQUQZ34J3E5Q%26tag%3Ddjaroo10-20%26linkCode%3Dxm2%26camp%3D2025%26creative%3D386001%26creativeASIN%3DB01B9APNG0,39900,USD,$399.00,238,75,http://ecx.images-amazon.com/images/I/51Ip%2BmFaQTL._SL75_.jpg,75,889349338568
B00Z2XDQCY,true,http://www.amazon.com/reviews/iframe?akid=AKIAJZXUIQUQZ34J3E5Q&alinkCode=xm2&asin=B00Z2XDQCY&atag=djaroo10-20&exp=2016-06-26T13%3A52%3A09Z&v=2&sig=MD2r0E0L%2BMqURtbxI6eG4EiSCp22GSeJ%2BHm21DpbAW8%3D,http://www.amazon.com/Toshiba-Satellite-Fusion-L55WC5256-Laptop/dp/B00Z2XDQCY%3FSubscriptionId%3DAKIAJZXUIQUQZ34J3E5Q%26tag%3Ddjaroo10-20%26linkCode%3Dxm2%26camp%3D2025%26creative%3D165953%26creativeASIN%3DB00Z2XDQCY,L55WC5256,L55WC5256,889661015475,500,http://ecx.images-amazon.com/images/I/51ai6yUPd2L.jpg,500,74999,USD,$749.99,80397,USD,$803.97,160,http://ecx.images-amazon.com/images/I/51ai6yUPd2L._SL160_.jpg,160,New,8,http://www.amazon.com/gp/offer-listing/B00Z2XDQCY%3FSubscriptionId%3DAKIAJZXUIQUQZ34J3E5Q%26tag%3Ddjaroo10-20%26linkCode%3Dxm2%26camp%3D2025%26creative%3D386001%26creativeASIN%3DB00Z2XDQCY,80397,USD,$803.97,52707,75,http://ecx.images-amazon.com/images/I/51ai6yUPd2L._SL75_.jpg,75,889661015475
B00UCENG14,true,http://www.amazon.com/reviews/iframe?akid=AKIAJZXUIQUQZ34J3E5Q&alinkCode=xm2&asin=B00UCENG14&atag=djaroo10-20&exp=2016-06-26T13%3A52%3A10Z&v=2&sig=J0iUBH6VOHggD0BG5OTWkYX2pgdPe9vyMdRJQDCcl44%3D,http://www.amazon.com/HP-Spectre-2-1-Touch-Screen/dp/B00UCENG14%3FSubscriptionId%3DAKIAJZXUIQUQZ34J3E5Q%26tag%3Ddjaroo10-20%26linkCode%3Dxm2%26camp%3D2025%26creative%3D165953%26creativeASIN%3DB00UCENG14,L0Q51UA#ABA/L0Q54UA,,889296184485,500,http://ecx.images-amazon.com/images/I/51UCSv1LSnL.jpg,375,,,,105000,USD,"$1,050.00",160,http://ecx.images-amazon.com/images/I/51UCSv1LSnL._SL160_.jpg,120,New,4,http://www.amazon.com/gp/offer-listing/B00UCENG14%3FSubscriptionId%3DAKIAJZXUIQUQZ34J3E5Q%26tag%3Ddjaroo10-20%26linkCode%3Dxm2%26camp%3D2025%26creative%3D386001%26creativeASIN%3DB00UCENG14,112700,USD,"$1,127.00",3247,75,http://ecx.images-amazon.com/images/I/51UCSv1LSnL._SL75_.jpg,56,889296184485
B01GQWDSJA,false,http://www.amazon.com/reviews/iframe?akid=AKIAJZXUIQUQZ34J3E5Q&alinkCode=xm2&asin=B01GQWDSJA&atag=djaroo10-20&exp=2016-06-26T13%3A52%3A15Z&v=2&sig=fvFtvluXldgzJg2kevhbooBZX1FtRmT7QsU5Fd8OuHI%3D,http://www.amazon.com/Microsoft-Surface-Privacy-Screen-Bundle/dp/B01GQWDSJA%3FSubscriptionId%3DAKIAJZXUIQUQZ34J3E5Q%26tag%3Ddjaroo10-20%26linkCode%3Dxm2%26camp%3D2025%26creative%3D165953%26creativeASIN%3DB01GQWDSJA,,,,500,http://ecx.images-amazon.com/images/I/418F8Jh7anL.jpg,500,,,,,,Too low to display,160,http://ecx.images-amazon.com/images/I/418F8Jh7anL._SL160_.jpg,160,New,1,http://www.amazon.com/gp/offer-listing/B01GQWDSJA%3FSubscriptionId%3DAKIAJZXUIQUQZ34J3E5Q%26tag%3Ddjaroo10-20%26linkCode%3Dxm2%26camp%3D2025%26creative%3D386001%26creativeASIN%3DB01GQWDSJA,,,Too low to display,,75,http://ecx.images-amazon.com/images/I/418F8Jh7anL._SL75_.jpg,75,
B015P3SHWO,true,http://www.amazon.com/reviews/iframe?akid=AKIAJZXUIQUQZ34J3E5Q&alinkCode=xm2&asin=B015P3SHWO&atag=djaroo10-20&exp=2016-06-26T13%3A52%3A16Z&v=2&sig=FVi3pEu%2B0mfj%2BvUyQto%2BxxCsVrue9%2F93I80TdMu2oxI%3D,http://www.amazon.com/Alienware-AW13R2-8900SLV-Laptop-Generation-GeForce/dp/B015P3SHWO%3Fpsc%3D1%26SubscriptionId%3DAKIAJZXUIQUQZ34J3E5Q%26tag%3Ddjaroo10-20%26linkCode%3Dxm2%26camp%3D2025%26creative%3D165953%26creativeASIN%3DB015P3SHWO,AW13R2-8900SLV,AW13R2-8900SLV,884116169208,500,http://ecx.images-amazon.com/images/I/41pOljP754L.jpg,500,,,,116499,USD,"$1,164.99",160,http://ecx.images-amazon.com/images/I/41pOljP754L._SL160_.jpg,160,New,32,http://www.amazon.com/gp/offer-listing/B015P3SHWO%3FSubscriptionId%3DAKIAJZXUIQUQZ34J3E5Q%26tag%3Ddjaroo10-20%26linkCode%3Dxm2%26camp%3D2025%26creative%3D386001%26creativeASIN%3DB015P3SHWO,116499,USD,"$1,164.99",4452,75,http://ecx.images-amazon.com/images/I/41pOljP754L._SL75_.jpg,75,884116169208
B01CJAE7VQ,false,http://www.amazon.com/reviews/iframe?akid=AKIAJZXUIQUQZ34J3E5Q&alinkCode=xm2&asin=B01CJAE7VQ&atag=djaroo10-20&exp=2016-06-26T13%3A52%3A16Z&v=2&sig=4HNb9hCXmv4ZUqMzwoPKFpm%2FZJ05tIxoIV3yykKHxyQ%3D,http://www.amazon.com/Lenovo-2-1-Touch-Screen-Laptop/dp/B01CJAE7VQ%3FSubscriptionId%3DAKIAJZXUIQUQZ34J3E5Q%26tag%3Ddjaroo10-20%26linkCode%3Dxm2%26camp%3D2025%26creative%3D165953%26creativeASIN%3DB01CJAE7VQ,80MK00H9US,,190151777354,478,http://ecx.images-amazon.com/images/I/513Cf0tXdWL.jpg,500,,,,113999,USD,"$1,139.99",153,http://ecx.images-amazon.com/images/I/513Cf0tXdWL._SL160_.jpg,160,New,11,http://www.amazon.com/gp/offer-listing/B01CJAE7VQ%3FSubscriptionId%3DAKIAJZXUIQUQZ34J3E5Q%26tag%3Ddjaroo10-20%26linkCode%3Dxm2%26camp%3D2025%26creative%3D386001%26creativeASIN%3DB01CJAE7VQ,114999,USD,"$1,149.99",36091,72,http://ecx.images-amazon.com/images/I/513Cf0tXdWL._SL75_.jpg,75,190151777354
B014VHW24Y,true,http://www.amazon.com/reviews/iframe?akid=AKIAJZXUIQUQZ34J3E5Q&alinkCode=xm2&asin=B014VHW24Y&atag=djaroo10-20&exp=2016-06-26T13%3A52%3A17Z&v=2&sig=bKxged5cwo6QKAy7BjkAc01eCfREXxS5b53g%2BA5u%2Buw%3D,http://www.amazon.com/ZenBook-UX303UA-13-3-Inch-Touchscreen-Windows/dp/B014VHW24Y%3Fpsc%3D1%26SubscriptionId%3DAKIAJZXUIQUQZ34J3E5Q%26tag%3Ddjaroo10-20%26linkCode%3Dxm2%26camp%3D2025%26creative%3D165953%26creativeASIN%3DB014VHW24Y,UX303UA-DH51T,UX303UA-DH51T,787468122252,500,http://ecx.images-amazon.com/images/I/41%2BKe3rTWGL.jpg,477,89900,USD,$899.00,,,Too low to display,160,http://ecx.images-amazon.com/images/I/41%2BKe3rTWGL._SL160_.jpg,153,New,46,http://www.amazon.com/gp/offer-listing/B014VHW24Y%3FSubscriptionId%3DAKIAJZXUIQUQZ34J3E5Q%26tag%3Ddjaroo10-20%26linkCode%3Dxm2%26camp%3D2025%26creative%3D386001%26creativeASIN%3DB014VHW24Y,79400,USD,$794.00,376,75,http://ecx.images-amazon.com/images/I/41%2BKe3rTWGL._SL75_.jpg,72,"['787468122252', '889349172957', '788581298084']"
B0186JD544,true,http://www.amazon.com/reviews/iframe?akid=AKIAJZXUIQUQZ34J3E5Q&alinkCode=xm2&asin=B0186JD544&atag=djaroo10-20&exp=2016-06-26T13%3A52%3A17Z&v=2&sig=VWJKIvUwYSJ1D7dD48RRQzaxfzzh%2BNKycWFASL0IXuM%3D,http://www.amazon.com/Lenovo-ThinkPad-P50-WorkStation-i7-6700HQ/dp/B0186JD544%3FSubscriptionId%3DAKIAJZXUIQUQZ34J3E5Q%26tag%3Ddjaroo10-20%26linkCode%3Dxm2%26camp%3D2025%26creative%3D165953%26creativeASIN%3DB0186JD544,20EN0013US,ThinkPad P50,889955802309,281,http://ecx.images-amazon.com/images/I/41odyH19nrL.jpg,500,,,,125000,USD,"$1,250.00",90,http://ecx.images-amazon.com/images/I/41odyH19nrL._SL160_.jpg,160,New,62,http://www.amazon.com/gp/offer-listing/B0186JD544%3FSubscriptionId%3DAKIAJZXUIQUQZ34J3E5Q%26tag%3Ddjaroo10-20%26linkCode%3Dxm2%26camp%3D2025%26creative%3D386001%26creativeASIN%3DB0186JD544,140900,USD,"$1,409.00",10099,42,http://ecx.images-amazon.com/images/I/41odyH19nrL._SL75_.jpg,75,889955802309
B01DZ4NFLI,false,http://www.amazon.com/reviews/iframe?akid=AKIAJZXUIQUQZ34J3E5Q&alinkCode=xm2&asin=B01DZ4NFLI&atag=djaroo10-20&exp=2016-06-26T13%3A52%3A23Z&v=2&sig=suHaMmhPBsc8oS06T6jVcP0%2BapUZ1a7WKmQbutpC4ko%3D,http://www.amazon.com/Dell-24M27-PRECISION-3510-I5-64400/dp/B01DZ4NFLI%3FSubscriptionId%3DAKIAJZXUIQUQZ34J3E5Q%26tag%3Ddjaroo10-20%26linkCode%3Dxm2%26camp%3D2025%26creative%3D165953%26creativeASIN%3DB01DZ4NFLI,24M27,24M27,884116229544,500,http://ecx.images-amazon.com/images/I/41XA7KLeOhL.jpg,500,,,,115018,USD,"$1,150.18",160,http://ecx.images-amazon.com/images/I/41XA7KLeOhL._SL160_.jpg,160,New,28,http://www.amazon.com/gp/offer-listing/B01DZ4NFLI%3FSubscriptionId%3DAKIAJZXUIQUQZ34J3E5Q%26tag%3Ddjaroo10-20%26linkCode%3Dxm2%26camp%3D2025%26creative%3D386001%26creativeASIN%3DB01DZ4NFLI,115023,USD,"$1,150.23",,75,http://ecx.images-amazon.com/images/I/41XA7KLeOhL._SL75_.jpg,75,884116229544
B01DZ4NCKW,false,http://www.amazon.com/reviews/iframe?akid=AKIAJZXUIQUQZ34J3E5Q&alinkCode=xm2&asin=B01DZ4NCKW&atag=djaroo10-20&exp=2016-06-26T13%3A52%3A23Z&v=2&sig=pRNSQAzCaveuebWS2m%2By8B9rgfktbK91lbAgUX1uMsg%3D,http://www.amazon.com/DELL-COMMERCIAL-MGGH3-6820HQ-512GB/dp/B01DZ4NCKW%3FSubscriptionId%3DAKIAJZXUIQUQZ34J3E5Q%26tag%3Ddjaroo10-20%26linkCode%3Dxm2%26camp%3D2025%26creative%3D165953%26creativeASIN%3DB01DZ4NCKW,MGGH3,MGGH3,884116229520,160,http://ecx.images-amazon.com/images/I/111u2g2XYDL.jpg,160,,,,191825,USD,"$1,918.25",160,http://ecx.images-amazon.com/images/I/111u2g2XYDL._SL160_.jpg,160,New,19,http://www.amazon.com/gp/offer-listing/B01DZ4NCKW%3FSubscriptionId%3DAKIAJZXUIQUQZ34J3E5Q%26tag%3Ddjaroo10-20%26linkCode%3Dxm2%26camp%3D2025%26creative%3D386001%26creativeASIN%3DB01DZ4NCKW,191825,USD,"$1,918.25",,75,http://ecx.images-amazon.com/images/I/111u2g2XYDL._SL75_.jpg,75,884116229520
B00U2Z6R2S,false,http://www.amazon.com/reviews/iframe?akid=AKIAJZXUIQUQZ34J3E5Q&alinkCode=xm2&asin=B00U2Z6R2S&atag=djaroo10-20&exp=2016-06-26T13%3A52%3A24Z&v=2&sig=uvUG%2B6roDg0Od%2FPOaM4%2Fk4IDQYSWG7WWmB514RdiJ7A%3D,http://www.amazon.com/Acer-Aspire-V3-572-53RA-ComfyView-Notebook/dp/B00U2Z6R2S%3FSubscriptionId%3DAKIAJZXUIQUQZ34J3E5Q%26tag%3Ddjaroo10-20%26linkCode%3Dxm2%26camp%3D2025%26creative%3D165953%26creativeASIN%3DB00U2Z6R2S,NX.MNHAA.011,NX.MNHAA.011,888863043903,374,http://ecx.images-amazon.com/images/I/51bOftOyk9L.jpg,500,,,,110249,USD,"$1,102.49",120,http://ecx.images-amazon.com/images/I/51bOftOyk9L._SL160_.jpg,160,New,1,http://www.amazon.com/gp/offer-listing/B00U2Z6R2S%3FSubscriptionId%3DAKIAJZXUIQUQZ34J3E5Q%26tag%3Ddjaroo10-20%26linkCode%3Dxm2%26camp%3D2025%26creative%3D386001%26creativeASIN%3DB00U2Z6R2S,110249,USD,"$1,102.49",151707,56,http://ecx.images-amazon.com/images/I/51bOftOyk9L._SL75_.jpg,75,888863043903
B013HPM4US,true,http://www.amazon.com/reviews/iframe?akid=AKIAJZXUIQUQZ34J3E5Q&alinkCode=xm2&asin=B013HPM4US&atag=djaroo10-20&exp=2016-06-26T13%3A52%3A25Z&v=2&sig=2iVseMMLJXclABEEiyIfu7VUvGuNzLEXdtwFkMjEMUg%3D,http://www.amazon.com/MacBook-Pro-MJLU2LL-Retina-Display/dp/B013HPM4US%3FSubscriptionId%3DAKIAJZXUIQUQZ34J3E5Q%26tag%3Ddjaroo10-20%26linkCode%3Dxm2%26camp%3D2025%26creative%3D165953%26creativeASIN%3DB013HPM4US,MJLU2LL/A,MJLU2LL/A,888462101127,345,http://ecx.images-amazon.com/images/I/41aNCFVl2LL.jpg,345,,,,264500,USD,"$2,645.00",160,http://ecx.images-amazon.com/images/I/41aNCFVl2LL._SL160_.jpg,160,New,10,http://www.amazon.com/gp/offer-listing/B013HPM4US%3FSubscriptionId%3DAKIAJZXUIQUQZ34J3E5Q%26tag%3Ddjaroo10-20%26linkCode%3Dxm2%26camp%3D2025%26creative%3D386001%26creativeASIN%3DB013HPM4US,286499,USD,"$2,864.99",17813,75,http://ecx.images-amazon.com/images/I/41aNCFVl2LL._SL75_.jpg,75,888462101127
B00UGBWR0E,true,http://www.amazon.com/reviews/iframe?akid=AKIAJZXUIQUQZ34J3E5Q&alinkCode=xm2&asin=B00UGBWR0E&atag=djaroo10-20&exp=2016-06-26T13%3A52%3A30Z&v=2&sig=E%2Fu0196B7lYo1bYuJuj2rhd5el2eCQqUUB4yP2b7RP8%3D,http://www.amazon.com/Apple-MacBook-MF841LL-13-3-Inch-Display/dp/B00UGBWR0E%3Fpsc%3D1%26SubscriptionId%3DAKIAJZXUIQUQZ34J3E5Q%26tag%3Ddjaroo10-20%26linkCode%3Dxm2%26camp%3D2025%26creative%3D165953%26creativeASIN%3DB00UGBWR0E,MF841LL/A,MF841LL/A,616348087469,291,http://ecx.images-amazon.com/images/I/51nHbuhKnqL.jpg,500,,,,159999,USD,"$1,599.99",93,http://ecx.images-amazon.com/images/I/51nHbuhKnqL._SL160_.jpg,160,New,2,http://www.amazon.com/gp/offer-listing/B00UGBWR0E%3FSubscriptionId%3DAKIAJZXUIQUQZ34J3E5Q%26tag%3Ddjaroo10-20%26linkCode%3Dxm2%26camp%3D2025%26creative%3D386001%26creativeASIN%3DB00UGBWR0E,159999,USD,"$1,599.99",497,44,http://ecx.images-amazon.com/images/I/51nHbuhKnqL._SL75_.jpg,75,"['616348087469', '638458711423', '647627343181', '885909918195']"
B015PYZI8E,true,http://www.amazon.com/reviews/iframe?akid=AKIAJZXUIQUQZ34J3E5Q&alinkCode=xm2&asin=B015PYZI8E&atag=djaroo10-20&exp=2016-06-26T13%3A52%3A31Z&v=2&sig=Tv67feazUDhhC6IjGjFV1MAtTpjw5lnw6WaASSMWowk%3D,http://www.amazon.com/Dell-i7559-5012GRY-Touchscreen-Generation-Microsoft/dp/B015PYZI8E%3Fpsc%3D1%26SubscriptionId%3DAKIAJZXUIQUQZ34J3E5Q%26tag%3Ddjaroo10-20%26linkCode%3Dxm2%26camp%3D2025%26creative%3D165953%26creativeASIN%3DB015PYZI8E,i7559-5012GRY,i7559-5012GRY,884116204473,500,http://ecx.images-amazon.com/images/I/41A7SedXxJL.jpg,500,,,,95800,USD,$958.00,160,http://ecx.images-amazon.com/images/I/41A7SedXxJL._SL160_.jpg,160,New,40,http://www.amazon.com/gp/offer-listing/B015PYZI8E%3FSubscriptionId%3DAKIAJZXUIQUQZ34J3E5Q%26tag%3Ddjaroo10-20%26linkCode%3Dxm2%26camp%3D2025%26creative%3D386001%26creativeASIN%3DB015PYZI8E,98331,USD,$983.31,1234,75,http://ecx.images-amazon.com/images/I/41A7SedXxJL._SL75_.jpg,75,884116204473
B019ECH28M,true,http://www.amazon.com/reviews/iframe?akid=AKIAJZXUIQUQZ34J3E5Q&alinkCode=xm2&asin=B019ECH28M&atag=djaroo10-20&exp=2016-06-26T13%3A52%3A31Z&v=2&sig=sS57zXvpMj90EcG1nHSJ3yO4XhruXuyKnU18povNPXM%3D,http://www.amazon.com/Dell-XPS9350-4007SLV-Touchscreen-Premier-Backpack/dp/B019ECH28M%3Fpsc%3D1%26SubscriptionId%3DAKIAJZXUIQUQZ34J3E5Q%26tag%3Ddjaroo10-20%26linkCode%3Dxm2%26camp%3D2025%26creative%3D165953%26creativeASIN%3DB019ECH28M,,,,500,http://ecx.images-amazon.com/images/I/41Cfch8wDCL.jpg,500,,,,,,,160,http://ecx.images-amazon.com/images/I/41Cfch8wDCL._SL160_.jpg,160,,0,0,,,,82272,75,http://ecx.images-amazon.com/images/I/41Cfch8wDCL._SL75_.jpg,75,
B01D6N81BC,true,http://www.amazon.com/reviews/iframe?akid=AKIAJZXUIQUQZ34J3E5Q&alinkCode=xm2&asin=B01D6N81BC&atag=djaroo10-20&exp=2016-06-26T13%3A52%3A32Z&v=2&sig=N%2F2le6O0ehz8p5eCfPA3LLEzoD%2Fz9GdfesnJfmuZoRw%3D,http://www.amazon.com/Dell-XPS9350-8008SLV-3200x1800-Processor-Microsoft/dp/B01D6N81BC%3Fpsc%3D1%26SubscriptionId%3DAKIAJZXUIQUQZ34J3E5Q%26tag%3Ddjaroo10-20%26linkCode%3Dxm2%26camp%3D2025%26creative%3D165953%26creativeASIN%3DB01D6N81BC,XPS9350-8008SLV,XPS9350-8008SLV,884116205531,500,http://ecx.images-amazon.com/images/I/416iJJJgfHL.jpg,500,199999,USD,"$1,999.99",179999,USD,"$1,799.99",160,http://ecx.images-amazon.com/images/I/416iJJJgfHL._SL160_.jpg,160,New,8,http://www.amazon.com/gp/offer-listing/B01D6N81BC%3FSubscriptionId%3DAKIAJZXUIQUQZ34J3E5Q%26tag%3Ddjaroo10-20%26linkCode%3Dxm2%26camp%3D2025%26creative%3D386001%26creativeASIN%3DB01D6N81BC,179999,USD,"$1,799.99",2170,75,http://ecx.images-amazon.com/images/I/416iJJJgfHL._SL75_.jpg,75,884116205531
B014VHVZFQ,true,http://www.amazon.com/reviews/iframe?akid=AKIAJZXUIQUQZ34J3E5Q&alinkCode=xm2&asin=B014VHVZFQ&atag=djaroo10-20&exp=2016-06-26T13%3A52%3A32Z&v=2&sig=otBmJYEJoT%2BvC2GgLLtNFdNd0DpoFXWRViyBKgtjBJM%3D,http://www.amazon.com/ZenBook-UX303UB-13-3-Inch-Touchscreen-Discrete/dp/B014VHVZFQ%3Fpsc%3D1%26SubscriptionId%3DAKIAJZXUIQUQZ34J3E5Q%26tag%3Ddjaroo10-20%26linkCode%3Dxm2%26camp%3D2025%26creative%3D165953%26creativeASIN%3DB014VHVZFQ,UX303UB-DH74T,UX303UB-DH74T,889349172940,500,http://ecx.images-amazon.com/images/I/41%2BKe3rTWGL.jpg,477,129900,USD,"$1,299.00",118999,USD,"$1,189.99",160,http://ecx.images-amazon.com/images/I/41%2BKe3rTWGL._SL160_.jpg,153,New,67,http://www.amazon.com/gp/offer-listing/B014VHVZFQ%3FSubscriptionId%3DAKIAJZXUIQUQZ34J3E5Q%26tag%3Ddjaroo10-20%26linkCode%3Dxm2%26camp%3D2025%26creative%3D386001%26creativeASIN%3DB014VHVZFQ,118999,USD,"$1,189.99",367,75,http://ecx.images-amazon.com/images/I/41%2BKe3rTWGL._SL75_.jpg,72,"['889349172940', '787468122245', '841287101000']"
B01BMERZJ6,true,http://www.amazon.com/reviews/iframe?akid=AKIAJZXUIQUQZ34J3E5Q&alinkCode=xm2&asin=B01BMERZJ6&atag=djaroo10-20&exp=2016-06-26T13%3A52%3A37Z&v=2&sig=IH%2BrZHFUmpBniBTEwLyWYPIVIzSTeHd28d8%2FPGdDIuo%3D,http://www.amazon.com/Asus-UX305UA-AS51-13-3-Inch-Generation-Titanium/dp/B01BMERZJ6%3Fpsc%3D1%26SubscriptionId%3DAKIAJZXUIQUQZ34J3E5Q%26tag%3Ddjaroo10-20%26linkCode%3Dxm2%26camp%3D2025%26creative%3D165953%26creativeASIN%3DB01BMERZJ6,UX305UA-AS51,UX305UA-AS51,889349297933,350,http://ecx.images-amazon.com/images/I/41vZl7Pe2HL.jpg,500,89900,USD,$899.00,74999,USD,$749.99,112,http://ecx.images-amazon.com/images/I/41vZl7Pe2HL._SL160_.jpg,160,New,3,http://www.amazon.com/gp/offer-listing/B01BMERZJ6%3FSubscriptionId%3DAKIAJZXUIQUQZ34J3E5Q%26tag%3Ddjaroo10-20%26linkCode%3Dxm2%26camp%3D2025%26creative%3D386001%26creativeASIN%3DB01BMERZJ6,74999,USD,$749.99,328,52,http://ecx.images-amazon.com/images/I/41vZl7Pe2HL._SL75_.jpg,75,889349297933
B01AGZXXU2,true,http://www.amazon.com/reviews/iframe?akid=AKIAJZXUIQUQZ34J3E5Q&alinkCode=xm2&asin=B01AGZXXU2&atag=djaroo10-20&exp=2016-06-26T13%3A52%3A38Z&v=2&sig=0djlkMLtzMaUJ80RX3Ay17S9e2KsEmCk%2FZruFNMgGIM%3D,http://www.amazon.com/THINKPAD-I7-6500U-2-50GHZ-1920X1080-MULTITOUCH/dp/B01AGZXXU2%3FSubscriptionId%3DAKIAJZXUIQUQZ34J3E5Q%26tag%3Ddjaroo10-20%26linkCode%3Dxm2%26camp%3D2025%26creative%3D165953%26creativeASIN%3DB01AGZXXU2,20EM001MUS,20EM001MUS,190151975736,500,http://ecx.images-amazon.com/images/I/419lodjDYsL.jpg,500,,,,126299,USD,"$1,262.99",160,http://ecx.images-amazon.com/images/I/419lodjDYsL._SL160_.jpg,160,New,45,http://www.amazon.com/gp/offer-listing/B01AGZXXU2%3FSubscriptionId%3DAKIAJZXUIQUQZ34J3E5Q%26tag%3Ddjaroo10-20%26linkCode%3Dxm2%26camp%3D2025%26creative%3D386001%26creativeASIN%3DB01AGZXXU2,126299,USD,"$1,262.99",11830,75,http://ecx.images-amazon.com/images/I/419lodjDYsL._SL75_.jpg,75,190151975736
B01DC03MAY,false,http://www.amazon.com/reviews/iframe?akid=AKIAJZXUIQUQZ34J3E5Q&alinkCode=xm2&asin=B01DC03MAY&atag=djaroo10-20&exp=2016-06-26T13%3A52%3A38Z&v=2&sig=8xbX7WVj1DYV48CvYjI75NoVfueDHIeUmCjbfA6L0Bg%3D,http://www.amazon.com/Lenovo-ThinkPad-20FB004JUS-Ultrabook-i5-6300U/dp/B01DC03MAY%3FSubscriptionId%3DAKIAJZXUIQUQZ34J3E5Q%26tag%3Ddjaroo10-20%26linkCode%3Dxm2%26camp%3D2025%26creative%3D165953%26creativeASIN%3DB01DC03MAY,20FB004JUS,20FB004JUS,190404123280,500,http://ecx.images-amazon.com/images/I/41WnK0Ud5XL.jpg,320,,,,119900,USD,"$1,199.00",160,http://ecx.images-amazon.com/images/I/41WnK0Ud5XL._SL160_.jpg,102,New,42,http://www.amazon.com/gp/offer-listing/B01DC03MAY%3FSubscriptionId%3DAKIAJZXUIQUQZ34J3E5Q%26tag%3Ddjaroo10-20%26linkCode%3Dxm2%26camp%3D2025%26creative%3D386001%26creativeASIN%3DB01DC03MAY,133799,USD,"$1,337.99",3155,75,http://ecx.images-amazon.com/images/I/41WnK0Ud5XL._SL75_.jpg,48,190404123280
B01CO42TIA,false,http://www.amazon.com/reviews/iframe?akid=AKIAJZXUIQUQZ34J3E5Q&alinkCode=xm2&asin=B01CO42TIA&atag=djaroo10-20&exp=2016-06-26T13%3A52%3A39Z&v=2&sig=tTwYgVeHH3uyUbrxx0cCCyCKKT8eLv220O1r4bzfCCs%3D,http://www.amazon.com/Lenovo-ThinkPad-20FN002SUS-14-inch-i5-6200U/dp/B01CO42TIA%3FSubscriptionId%3DAKIAJZXUIQUQZ34J3E5Q%26tag%3Ddjaroo10-20%26linkCode%3Dxm2%26camp%3D2025%26creative%3D165953%26creativeASIN%3DB01CO42TIA,20FN002SUS,20FN002SUS,190151599772,500,http://ecx.images-amazon.com/images/I/51Um5PCbNcL.jpg,500,,,,83899,USD,$838.99,160,http://ecx.images-amazon.com/images/I/51Um5PCbNcL._SL160_.jpg,160,New,46,http://www.amazon.com/gp/offer-listing/B01CO42TIA%3FSubscriptionId%3DAKIAJZXUIQUQZ34J3E5Q%26tag%3Ddjaroo10-20%26linkCode%3Dxm2%26camp%3D2025%26creative%3D386001%26creativeASIN%3DB01CO42TIA,84700,USD,$847.00,10572,75,http://ecx.images-amazon.com/images/I/51Um5PCbNcL._SL75_.jpg,75,190151599772
B01AS8QO3U,false,http://www.amazon.com/reviews/iframe?akid=AKIAJZXUIQUQZ34J3E5Q&alinkCode=xm2&asin=B01AS8QO3U&atag=djaroo10-20&exp=2016-06-26T13%3A52%3A39Z&v=2&sig=DDYydJV9Q0CgQg1Mp%2B7SueOuYwRSVLYvxmbzpcCmW2g%3D,http://www.amazon.com/Lenovo-ThinkPad-20FH001RUS-15-6-inch-i5-6300U/dp/B01AS8QO3U%3FSubscriptionId%3DAKIAJZXUIQUQZ34J3E5Q%26tag%3Ddjaroo10-20%26linkCode%3Dxm2%26camp%3D2025%26creative%3D165953%26creativeASIN%3DB01AS8QO3U,20FH001RUS,20FH001RUS,190151670259,500,http://ecx.images-amazon.com/images/I/511XzxnNohL.jpg,500,142900,USD,"$1,429.00",129741,USD,"$1,297.41",160,http://ecx.images-amazon.com/images/I/511XzxnNohL._SL160_.jpg,160,New,45,http://www.amazon.com/gp/offer-listing/B01AS8QO3U%3FSubscriptionId%3DAKIAJZXUIQUQZ34J3E5Q%26tag%3Ddjaroo10-20%26linkCode%3Dxm2%26camp%3D2025%26creative%3D386001%26creativeASIN%3DB01AS8QO3U,131848,USD,"$1,318.48",9413,75,http://ecx.images-amazon.com/images/I/511XzxnNohL._SL75_.jpg,75,190151670259
B01CU4E0KY,false,http://www.amazon.com/reviews/iframe?akid=AKIAJZXUIQUQZ34J3E5Q&alinkCode=xm2&asin=B01CU4E0KY&atag=djaroo10-20&exp=2016-06-26T13%3A52%3A45Z&v=2&sig=yGM2TN9lQdwKxs8vDihrgM9f6UehRPLD1qmoonVSvHs%3D,http://www.amazon.com/Lenovo-ThinkPad-20F9003CUS-Ultrabook-i7-6600U/dp/B01CU4E0KY%3FSubscriptionId%3DAKIAJZXUIQUQZ34J3E5Q%26tag%3Ddjaroo10-20%26linkCode%3Dxm2%26camp%3D2025%26creative%3D165953%26creativeASIN%3DB01CU4E0KY,20F9003CUS,20F9003CUS,190151588561,375,http://ecx.images-amazon.com/images/I/41jceUryeSL.jpg,500,,,,146953,USD,"$1,469.53",120,http://ecx.images-amazon.com/images/I/41jceUryeSL._SL160_.jpg,160,New,46,http://www.amazon.com/gp/offer-listing/B01CU4E0KY%3FSubscriptionId%3DAKIAJZXUIQUQZ34J3E5Q%26tag%3Ddjaroo10-20%26linkCode%3Dxm2%26camp%3D2025%26creative%3D386001%26creativeASIN%3DB01CU4E0KY,152900,USD,"$1,529.00",4499,56,http://ecx.images-amazon.com/images/I/41jceUryeSL._SL75_.jpg,75,190151588561
B01D32CRAM,true,http://www.amazon.com/reviews/iframe?akid=AKIAJZXUIQUQZ34J3E5Q&alinkCode=xm2&asin=B01D32CRAM&atag=djaroo10-20&exp=2016-06-26T13%3A52%3A45Z&v=2&sig=dHbbgC6D2Tjk8SNa8DNPnarF69ZCgxXWDt0OroQkNtU%3D,http://www.amazon.com/Lenovo-ThinkPad-20F9004FUS-Ultrabook-i5-6200U/dp/B01D32CRAM%3FSubscriptionId%3DAKIAJZXUIQUQZ34J3E5Q%26tag%3Ddjaroo10-20%26linkCode%3Dxm2%26camp%3D2025%26creative%3D165953%26creativeASIN%3DB01D32CRAM,20F9004FUS,20F9004FUS,190404164719,375,http://ecx.images-amazon.com/images/I/41jceUryeSL.jpg,500,,,,111800,USD,"$1,118.00",120,http://ecx.images-amazon.com/images/I/41jceUryeSL._SL160_.jpg,160,New,43,http://www.amazon.com/gp/offer-listing/B01D32CRAM%3FSubscriptionId%3DAKIAJZXUIQUQZ34J3E5Q%26tag%3Ddjaroo10-20%26linkCode%3Dxm2%26camp%3D2025%26creative%3D386001%26creativeASIN%3DB01D32CRAM,111800,USD,"$1,118.00",6421,56,http://ecx.images-amazon.com/images/I/41jceUryeSL._SL75_.jpg,75,190404164719
B015RYT12Q,true,http://www.amazon.com/reviews/iframe?akid=AKIAJZXUIQUQZ34J3E5Q&alinkCode=xm2&asin=B015RYT12Q&atag=djaroo10-20&exp=2016-06-26T13%3A52%3A46Z&v=2&sig=XsWS5DGOBPEbgrfoyc9S8U4GvLB%2Bv5fhObxAs89OujM%3D,http://www.amazon.com/15-6-I5-6300hq-8GB-256gb/dp/B015RYT12Q%3FSubscriptionId%3DAKIAJZXUIQUQZ34J3E5Q%26tag%3Ddjaroo10-20%26linkCode%3Dxm2%26camp%3D2025%26creative%3D165953%26creativeASIN%3DB015RYT12Q,XPS9550-0000SLV,XPS95500000SLV,884116204497,281,http://ecx.images-amazon.com/images/I/31hW3AlsHhL.jpg,500,,,,139999,USD,"$1,399.99",90,http://ecx.images-amazon.com/images/I/31hW3AlsHhL._SL160_.jpg,160,New,7,http://www.amazon.com/gp/offer-listing/B015RYT12Q%3FSubscriptionId%3DAKIAJZXUIQUQZ34J3E5Q%26tag%3Ddjaroo10-20%26linkCode%3Dxm2%26camp%3D2025%26creative%3D386001%26creativeASIN%3DB015RYT12Q,139999,USD,"$1,399.99",46371,42,http://ecx.images-amazon.com/images/I/31hW3AlsHhL._SL75_.jpg,75,884116204497
B019LA2DBI,false,http://www.amazon.com/reviews/iframe?akid=AKIAJZXUIQUQZ34J3E5Q&alinkCode=xm2&asin=B019LA2DBI&atag=djaroo10-20&exp=2016-06-26T13%3A52%3A46Z&v=2&sig=NPKw8P1jy1opeoI%2FKdywg7xglP8j4ZTEjBm%2FX%2BwcJqA%3D,http://www.amazon.com/15-6-ZBook-i7-6700HQ-8G-256GB/dp/B019LA2DBI%3FSubscriptionId%3DAKIAJZXUIQUQZ34J3E5Q%26tag%3Ddjaroo10-20%26linkCode%3Dxm2%26camp%3D2025%26creative%3D165953%26creativeASIN%3DB019LA2DBI,T6E14UT,T6E14UT#ABA,889894705181,367,http://ecx.images-amazon.com/images/I/51pUo2BQB9L.jpg,500,,,,173495,USD,"$1,734.95",117,http://ecx.images-amazon.com/images/I/51pUo2BQB9L._SL160_.jpg,160,New,39,http://www.amazon.com/gp/offer-listing/B019LA2DBI%3FSubscriptionId%3DAKIAJZXUIQUQZ34J3E5Q%26tag%3Ddjaroo10-20%26linkCode%3Dxm2%26camp%3D2025%26creative%3D386001%26creativeASIN%3DB019LA2DBI,173495,USD,"$1,734.95",62907,55,http://ecx.images-amazon.com/images/I/51pUo2BQB9L._SL75_.jpg,75,889894705181
B015PZ0CSE,true,http://www.amazon.com/reviews/iframe?akid=AKIAJZXUIQUQZ34J3E5Q&alinkCode=xm2&asin=B015PZ0CSE&atag=djaroo10-20&exp=2016-06-26T13%3A52%3A47Z&v=2&sig=zTjaa3%2FZrhbojG6RZwlSDatpCefzIhoJpx0L3bn%2FHOw%3D,http://www.amazon.com/Alienware-AW13R2-10011SLV-Touchscreen-Generation-GeForce/dp/B015PZ0CSE%3Fpsc%3D1%26SubscriptionId%3DAKIAJZXUIQUQZ34J3E5Q%26tag%3Ddjaroo10-20%26linkCode%3Dxm2%26camp%3D2025%26creative%3D165953%26creativeASIN%3DB015PZ0CSE,AW13R2-10011SLV,AW13R2-10011SLV,884116203964,500,http://ecx.images-amazon.com/images/I/41aQUkT%2BzuL.jpg,500,184999,USD,"$1,849.99",124999,USD,"$1,249.99",160,http://ecx.images-amazon.com/images/I/41aQUkT%2BzuL._SL160_.jpg,160,New,10,http://www.amazon.com/gp/offer-listing/B015PZ0CSE%3FSubscriptionId%3DAKIAJZXUIQUQZ34J3E5Q%26tag%3Ddjaroo10-20%26linkCode%3Dxm2%26camp%3D2025%26creative%3D386001%26creativeASIN%3DB015PZ0CSE,126333,USD,"$1,263.33",2902,75,http://ecx.images-amazon.com/images/I/41aQUkT%2BzuL._SL75_.jpg,75,884116203964
B015P3SNN2,true,http://www.amazon.com/reviews/iframe?akid=AKIAJZXUIQUQZ34J3E5Q&alinkCode=xm2&asin=B015P3SNN2&atag=djaroo10-20&exp=2016-06-26T13%3A52%3A52Z&v=2&sig=X4A3gp3CWVY2Kj6V5RG2g6nWCLL3uEjsUU2kY%2FDngK8%3D,http://www.amazon.com/Alienware-AW15R2-1546SLV-Laptop-Generation-GeForce/dp/B015P3SNN2%3Fpsc%3D1%26SubscriptionId%3DAKIAJZXUIQUQZ34J3E5Q%26tag%3Ddjaroo10-20%26linkCode%3Dxm2%26camp%3D2025%26creative%3D165953%26creativeASIN%3DB015P3SNN2,AW15R2-1546SLV,AW15R2-1546SLV,884116169246,500,http://ecx.images-amazon.com/images/I/41HGFcia55L.jpg,500,119999,USD,"$1,199.99",101927,USD,"$1,019.27",160,http://ecx.images-amazon.com/images/I/41HGFcia55L._SL160_.jpg,160,New,41,http://www.amazon.com/gp/offer-listing/B015P3SNN2%3FSubscriptionId%3DAKIAJZXUIQUQZ34J3E5Q%26tag%3Ddjaroo10-20%26linkCode%3Dxm2%26camp%3D2025%26creative%3D386001%26creativeASIN%3DB015P3SNN2,106900,USD,"$1,069.00",1645,75,http://ecx.images-amazon.com/images/I/41HGFcia55L._SL75_.jpg,75,884116169246
B015PYZWC6,true,http://www.amazon.com/reviews/iframe?akid=AKIAJZXUIQUQZ34J3E5Q&alinkCode=xm2&asin=B015PYZWC6&atag=djaroo10-20&exp=2016-06-26T13%3A52%3A52Z&v=2&sig=iVrBA03kUuTL%2BSO8asJLNBbGBX6bEnveE31iadCROWw%3D,http://www.amazon.com/Alienware-AW15R2-8469SLV-15-6-Inch-Generation-Microsoft/dp/B015PYZWC6%3Fpsc%3D1%26SubscriptionId%3DAKIAJZXUIQUQZ34J3E5Q%26tag%3Ddjaroo10-20%26linkCode%3Dxm2%26camp%3D2025%26creative%3D165953%26creativeASIN%3DB015PYZWC6,AW15R2-8469SLV,AW15R2-8469SLV,884116203841,329,http://ecx.images-amazon.com/images/I/41sc%2BI4c76L.jpg,500,,,,184989,USD,"$1,849.89",105,http://ecx.images-amazon.com/images/I/41sc%2BI4c76L._SL160_.jpg,160,New,12,http://www.amazon.com/gp/offer-listing/B015PYZWC6%3FSubscriptionId%3DAKIAJZXUIQUQZ34J3E5Q%26tag%3Ddjaroo10-20%26linkCode%3Dxm2%26camp%3D2025%26creative%3D386001%26creativeASIN%3DB015PYZWC6,189988,USD,"$1,899.88",3588,49,http://ecx.images-amazon.com/images/I/41sc%2BI4c76L._SL75_.jpg,75,884116203841
B015P3SJD6,true,http://www.amazon.com/reviews/iframe?akid=AKIAJZXUIQUQZ34J3E5Q&alinkCode=xm2&asin=B015P3SJD6&atag=djaroo10-20&exp=2016-06-26T13%3A52%3A53Z&v=2&sig=S3GqDbM%2FB8kM6rLUfQ938agkgYGEytDxl0cPQVpvm6U%3D,http://www.amazon.com/Alienware-AW17R3-4175SLV-17-3-Inch-Generation-GeForce/dp/B015P3SJD6%3Fpsc%3D1%26SubscriptionId%3DAKIAJZXUIQUQZ34J3E5Q%26tag%3Ddjaroo10-20%26linkCode%3Dxm2%26camp%3D2025%26creative%3D165953%26creativeASIN%3DB015P3SJD6,AW17R3-4175SLV,AW17R3-4175SLV,884116203223,500,http://ecx.images-amazon.com/images/I/41tx3kurLEL.jpg,500,179999,USD,"$1,799.99",149990,USD,"$1,499.90",160,http://ecx.images-amazon.com/images/I/41tx3kurLEL._SL160_.jpg,160,New,42,http://www.amazon.com/gp/offer-listing/B015P3SJD6%3FSubscriptionId%3DAKIAJZXUIQUQZ34J3E5Q%26tag%3Ddjaroo10-20%26linkCode%3Dxm2%26camp%3D2025%26creative%3D386001%26creativeASIN%3DB015P3SJD6,159999,USD,"$1,599.99",2257,75,http://ecx.images-amazon.com/images/I/41tx3kurLEL._SL75_.jpg,75,884116203223
B01578ZM6Q,true,http://www.amazon.com/reviews/iframe?akid=AKIAJZXUIQUQZ34J3E5Q&alinkCode=xm2&asin=B01578ZM6Q&atag=djaroo10-20&exp=2016-06-26T13%3A52%3A54Z&v=2&sig=ex1H%2BYOTFtNyXuyCJ1KelrRxEGO3K9XQ2G9hpP2DVrA%3D,http://www.amazon.com/G752VY-DH72-17-Inch-Gaming-Laptop-GeForce/dp/B01578ZM6Q%3Fpsc%3D1%26SubscriptionId%3DAKIAJZXUIQUQZ34J3E5Q%26tag%3Ddjaroo10-20%26linkCode%3Dxm2%26camp%3D2025%26creative%3D165953%26creativeASIN%3DB01578ZM6Q,G752VY-DH72,G752VY-DH72,889349174487,260,http://ecx.images-amazon.com/images/I/41jGw7EChoL.jpg,500,259900,USD,"$2,599.00",,,Too low to display,83,http://ecx.images-amazon.com/images/I/41jGw7EChoL._SL160_.jpg,160,New,37,http://www.amazon.com/gp/offer-listing/B01578ZM6Q%3FSubscriptionId%3DAKIAJZXUIQUQZ34J3E5Q%26tag%3Ddjaroo10-20%26linkCode%3Dxm2%26camp%3D2025%26creative%3D386001%26creativeASIN%3DB01578ZM6Q,235149,USD,"$2,351.49",1505,39,http://ecx.images-amazon.com/images/I/41jGw7EChoL._SL75_.jpg,75,889349174487
B0185HHZ48,false,http://www.amazon.com/reviews/iframe?akid=AKIAJZXUIQUQZ34J3E5Q&alinkCode=xm2&asin=B0185HHZ48&atag=djaroo10-20&exp=2016-06-26T13%3A52%3A54Z&v=2&sig=cV5WAIOkrJsU9T5W%2BYSOGqavy8Ze%2BS4FNilfRAMfFEc%3D,http://www.amazon.com/G751JY-DH72X-i7-4860HQ-Blu-Ray-Windows-Computer/dp/B0185HHZ48%3Fpsc%3D1%26SubscriptionId%3DAKIAJZXUIQUQZ34J3E5Q%26tag%3Ddjaroo10-20%26linkCode%3Dxm2%26camp%3D2025%26creative%3D165953%26creativeASIN%3DB0185HHZ48,DH72X,G751JY,886227870325,,,,433153,USD,"$4,331.53",,,,,,,,0,0,,,,,,,,886227870325
B0150PM03E,true,http://www.amazon.com/reviews/iframe?akid=AKIAJZXUIQUQZ34J3E5Q&alinkCode=xm2&asin=B0150PM03E&atag=djaroo10-20&exp=2016-06-26T13%3A53%3A00Z&v=2&sig=XE5w%2F5GQkYwl0whiiR4xajQAXp550Wc%2BWGXqU%2B6Wip0%3D,http://www.amazon.com/MSI-GT72S-Dominator-Pro-G-220/dp/B0150PM03E%3Fpsc%3D1%26SubscriptionId%3DAKIAJZXUIQUQZ34J3E5Q%26tag%3Ddjaroo10-20%26linkCode%3Dxm2%26camp%3D2025%26creative%3D165953%26creativeASIN%3DB0150PM03E,GT72S Dominator Pro G-220,GT72S Dominator Pro G-220,824142121795,323,http://ecx.images-amazon.com/images/I/41hoksT8JEL.jpg,500,259999,USD,"$2,599.99",,,Too low to display,103,http://ecx.images-amazon.com/images/I/41hoksT8JEL._SL160_.jpg,160,New,43,http://www.amazon.com/gp/offer-listing/B0150PM03E%3FSubscriptionId%3DAKIAJZXUIQUQZ34J3E5Q%26tag%3Ddjaroo10-20%26linkCode%3Dxm2%26camp%3D2025%26creative%3D386001%26creativeASIN%3DB0150PM03E,229900,USD,"$2,299.00",2374,48,http://ecx.images-amazon.com/images/I/41hoksT8JEL._SL75_.jpg,75,824142121795
B01974IDWQ,true,http://www.amazon.com/reviews/iframe?akid=AKIAJZXUIQUQZ34J3E5Q&alinkCode=xm2&asin=B01974IDWQ&atag=djaroo10-20&exp=2016-06-26T13%3A53%3A00Z&v=2&sig=mG7dk%2Feym83YqXrhEsP0djobaF5zwAYasyxRtWsxe7s%3D,http://www.amazon.com/MSI-GT80S-Titan-SLI-072-THUNDERBOLT/dp/B01974IDWQ%3FSubscriptionId%3DAKIAJZXUIQUQZ34J3E5Q%26tag%3Ddjaroo10-20%26linkCode%3Dxm2%26camp%3D2025%26creative%3D165953%26creativeASIN%3DB01974IDWQ,GT80S Titan SLI-072,GT80S Titan SLI-072,824142124741,328,http://ecx.images-amazon.com/images/I/41-nS7bwzpL.jpg,500,459900,USD,"$4,599.00",,,Too low to display,105,http://ecx.images-amazon.com/images/I/41-nS7bwzpL._SL160_.jpg,160,New,39,http://www.amazon.com/gp/offer-listing/B01974IDWQ%3FSubscriptionId%3DAKIAJZXUIQUQZ34J3E5Q%26tag%3Ddjaroo10-20%26linkCode%3Dxm2%26camp%3D2025%26creative%3D386001%26creativeASIN%3DB01974IDWQ,435999,USD,"$4,359.99",5696,49,http://ecx.images-amazon.com/images/I/41-nS7bwzpL._SL75_.jpg,75,824142124741
B00S9AIDRU,true,http://www.amazon.com/reviews/iframe?akid=AKIAJZXUIQUQZ34J3E5Q&alinkCode=xm2&asin=B00S9AIDRU&atag=djaroo10-20&exp=2016-06-26T13%3A53%3A01Z&v=2&sig=c5yg9VCTi1Y1pqh7eixf68DuFTYEr2TaIG86I2m%2B8rY%3D,http://www.amazon.com/X3Plusv3-CF1-GTX970M-Haswell-i7-4710HQ-Computer/dp/B00S9AIDRU%3Fpsc%3D1%26SubscriptionId%3DAKIAJZXUIQUQZ34J3E5Q%26tag%3Ddjaroo10-20%26linkCode%3Dxm2%26camp%3D2025%26creative%3D165953%26creativeASIN%3DB00S9AIDRU,X3PLUSV3-CF1,X3PLUSV3-CF1,813567020325,500,http://ecx.images-amazon.com/images/I/41sx1h6IavL.jpg,500,,,,389606,USD,"$3,896.06",160,http://ecx.images-amazon.com/images/I/41sx1h6IavL._SL160_.jpg,160,,2,0,,,,164235,75,http://ecx.images-amazon.com/images/I/41sx1h6IavL._SL75_.jpg,75,813567020325
B016YFRGQ0,true,http://www.amazon.com/reviews/iframe?akid=AKIAJZXUIQUQZ34J3E5Q&alinkCode=xm2&asin=B016YFRGQ0&atag=djaroo10-20&exp=2016-06-26T13%3A53%3A01Z&v=2&sig=NHPIVhocXM2UJQEwoi%2Fri2gw6VGGcqGnCKam2wspP4M%3D,http://www.amazon.com/Lenovo-Ideapad-Y700-Laptop-i7-6700HQ/dp/B016YFRGQ0%3FSubscriptionId%3DAKIAJZXUIQUQZ34J3E5Q%26tag%3Ddjaroo10-20%26linkCode%3Dxm2%26camp%3D2025%26creative%3D165953%26creativeASIN%3DB016YFRGQ0,80NV005FUS,80NV005FUS,889955818065,281,http://ecx.images-amazon.com/images/I/41ba-i2QxTL.jpg,500,,,,,,,90,http://ecx.images-amazon.com/images/I/41ba-i2QxTL._SL160_.jpg,160,,0,0,,,,13439,42,http://ecx.images-amazon.com/images/I/41ba-i2QxTL._SL75_.jpg,75,889955818065
B01DHS3120,true,http://www.amazon.com/reviews/iframe?akid=AKIAJZXUIQUQZ34J3E5Q&alinkCode=xm2&asin=B01DHS3120&atag=djaroo10-20&exp=2016-06-26T13%3A53%3A02Z&v=2&sig=NE5OUvla9sgumWqSIY3y1AqhVSv%2ByWtW7VQ24N8C3cE%3D,http://www.amazon.com/Razer-Blade-Gaming-Laptop-Generation/dp/B01DHS3120%3Fpsc%3D1%26SubscriptionId%3DAKIAJZXUIQUQZ34J3E5Q%26tag%3Ddjaroo10-20%26linkCode%3Dxm2%26camp%3D2025%26creative%3D165953%26creativeASIN%3DB01DHS3120,RZ09-01652E21-R3U1,RZ09-01652E21-R3U1,811254029262,281,http://ecx.images-amazon.com/images/I/410YPQFdUfL.jpg,500,199999,USD,"$1,999.99",199999,USD,"$1,999.99",90,http://ecx.images-amazon.com/images/I/410YPQFdUfL._SL160_.jpg,160,New,1,http://www.amazon.com/gp/offer-listing/B01DHS3120%3FSubscriptionId%3DAKIAJZXUIQUQZ34J3E5Q%26tag%3Ddjaroo10-20%26linkCode%3Dxm2%26camp%3D2025%26creative%3D386001%26creativeASIN%3DB01DHS3120,199999,USD,"$1,999.99",1027,42,http://ecx.images-amazon.com/images/I/410YPQFdUfL._SL75_.jpg,75,811254029262
B01DHS310W,true,http://www.amazon.com/reviews/iframe?akid=AKIAJZXUIQUQZ34J3E5Q&alinkCode=xm2&asin=B01DHS310W&atag=djaroo10-20&exp=2016-06-26T13%3A53%3A07Z&v=2&sig=%2BwCRO8Yu9O%2B%2F5DHLqrJO7oHDEkmm27uOxYimPwbQycs%3D,http://www.amazon.com/Razer-Blade-Gaming-Laptop-Generation/dp/B01DHS310W%3Fpsc%3D1%26SubscriptionId%3DAKIAJZXUIQUQZ34J3E5Q%26tag%3Ddjaroo10-20%26linkCode%3Dxm2%26camp%3D2025%26creative%3D165953%26creativeASIN%3DB01DHS310W,RZ09-01652E22-R3U1,RZ09-01652E22-R3U1,811254029385,281,http://ecx.images-amazon.com/images/I/418GyGmAW%2BL.jpg,500,219999,USD,"$2,199.99",219999,USD,"$2,199.99",90,http://ecx.images-amazon.com/images/I/418GyGmAW%2BL._SL160_.jpg,160,New,1,http://www.amazon.com/gp/offer-listing/B01DHS310W%3FSubscriptionId%3DAKIAJZXUIQUQZ34J3E5Q%26tag%3Ddjaroo10-20%26linkCode%3Dxm2%26camp%3D2025%26creative%3D386001%26creativeASIN%3DB01DHS310W,219999,USD,"$2,199.99",1206,42,http://ecx.images-amazon.com/images/I/418GyGmAW%2BL._SL75_.jpg,75,811254029385
B01H4DXT8U,false,http://www.amazon.com/reviews/iframe?akid=AKIAJZXUIQUQZ34J3E5Q&alinkCode=xm2&asin=B01H4DXT8U&atag=djaroo10-20&exp=2016-06-26T13%3A53%3A07Z&v=2&sig=Wwdhpqapu%2FdHkU1qkDLuW1Kow%2FrGDcdQIdM%2BEFzZ9rk%3D,http://www.amazon.com/Lenovo-900-13ISK2-x2033-Ultrabook-i7-6560U/dp/B01H4DXT8U%3FSubscriptionId%3DAKIAJZXUIQUQZ34J3E5Q%26tag%3Ddjaroo10-20%26linkCode%3Dxm2%26camp%3D2025%26creative%3D165953%26creativeASIN%3DB01H4DXT8U,80UE002VUS,,190576356530,281,http://ecx.images-amazon.com/images/I/41UKUqcRjNL.jpg,500,,,,130000,USD,"$1,300.00",90,http://ecx.images-amazon.com/images/I/41UKUqcRjNL._SL160_.jpg,160,New,6,http://www.amazon.com/gp/offer-listing/B01H4DXT8U%3FSubscriptionId%3DAKIAJZXUIQUQZ34J3E5Q%26tag%3Ddjaroo10-20%26linkCode%3Dxm2%26camp%3D2025%26creative%3D386001%26creativeASIN%3DB01H4DXT8U,134999,USD,"$1,349.99",11181,42,http://ecx.images-amazon.com/images/I/41UKUqcRjNL._SL75_.jpg,75,190576356530
B01GQWM5JO,false,http://www.amazon.com/reviews/iframe?akid=AKIAJZXUIQUQZ34J3E5Q&alinkCode=xm2&asin=B01GQWM5JO&atag=djaroo10-20&exp=2016-06-26T13%3A53%3A08Z&v=2&sig=4lyzsD7y%2BHEyorBuK1lU88loQxkkBkrbaI6yn1Hhing%3D,http://www.amazon.com/Dell-TouchScreen-Performance-Generation-PDC-4405U/dp/B01GQWM5JO%3FSubscriptionId%3DAKIAJZXUIQUQZ34J3E5Q%26tag%3Ddjaroo10-20%26linkCode%3Dxm2%26camp%3D2025%26creative%3D165953%26creativeASIN%3DB01GQWM5JO,,I7368-5432GRY,884116216957,479,http://ecx.images-amazon.com/images/I/51aRt92-OrL.jpg,500,,,,39999,USD,$399.99,153,http://ecx.images-amazon.com/images/I/51aRt92-OrL._SL160_.jpg,160,New,2,http://www.amazon.com/gp/offer-listing/B01GQWM5JO%3FSubscriptionId%3DAKIAJZXUIQUQZ34J3E5Q%26tag%3Ddjaroo10-20%26linkCode%3Dxm2%26camp%3D2025%26creative%3D386001%26creativeASIN%3DB01GQWM5JO,39999,USD,$399.99,5946,72,http://ecx.images-amazon.com/images/I/51aRt92-OrL._SL75_.jpg,75,884116216957
B01HAQHR16,false,http://www.amazon.com/reviews/iframe?akid=AKIAJZXUIQUQZ34J3E5Q&alinkCode=xm2&asin=B01HAQHR16&atag=djaroo10-20&exp=2016-06-26T13%3A53%3A08Z&v=2&sig=kK%2FiwT6GlKSFIRsygnxVO9u%2FJSG%2FXAs7z1SQInoWmW4%3D,http://www.amazon.com/Dell-Inspiron-13-7000-I7368/dp/B01HAQHR16%3FSubscriptionId%3DAKIAJZXUIQUQZ34J3E5Q%26tag%3Ddjaroo10-20%26linkCode%3Dxm2%26camp%3D2025%26creative%3D165953%26creativeASIN%3DB01HAQHR16,,I7368-0027GRY,884116216940,315,http://ecx.images-amazon.com/images/I/41-7O6%2BNduL.jpg,500,109999,USD,"$1,099.99",96880,USD,$968.80,101,http://ecx.images-amazon.com/images/I/41-7O6%2BNduL._SL160_.jpg,160,New,2,http://www.amazon.com/gp/offer-listing/B01HAQHR16%3FSubscriptionId%3DAKIAJZXUIQUQZ34J3E5Q%26tag%3Ddjaroo10-20%26linkCode%3Dxm2%26camp%3D2025%26creative%3D386001%26creativeASIN%3DB01HAQHR16,96880,USD,$968.80,,47,http://ecx.images-amazon.com/images/I/41-7O6%2BNduL._SL75_.jpg,75,884116216940
B01AS8QSXQ,false,http://www.amazon.com/reviews/iframe?akid=AKIAJZXUIQUQZ34J3E5Q&alinkCode=xm2&asin=B01AS8QSXQ&atag=djaroo10-20&exp=2016-06-26T13%3A53%3A09Z&v=2&sig=%2BIP95hi9voNhk2Mv6C4G6IGdbafOpz3vC47SN8xUga8%3D,http://www.amazon.com/Lenovo-ThinkPad-20GQ000BUS-Tablet-plane/dp/B01AS8QSXQ%3FSubscriptionId%3DAKIAJZXUIQUQZ34J3E5Q%26tag%3Ddjaroo10-20%26linkCode%3Dxm2%26camp%3D2025%26creative%3D165953%26creativeASIN%3DB01AS8QSXQ,20GQ000BUS,20GQ000BUS,190151426979,500,http://ecx.images-amazon.com/images/I/41gdRFf-xKL.jpg,500,,,,145553,USD,"$1,455.53",160,http://ecx.images-amazon.com/images/I/41gdRFf-xKL._SL160_.jpg,160,New,44,http://www.amazon.com/gp/offer-listing/B01AS8QSXQ%3FSubscriptionId%3DAKIAJZXUIQUQZ34J3E5Q%26tag%3Ddjaroo10-20%26linkCode%3Dxm2%26camp%3D2025%26creative%3D386001%26creativeASIN%3DB01AS8QSXQ,145553,USD,"$1,455.53",,75,http://ecx.images-amazon.com/images/I/41gdRFf-xKL._SL75_.jpg,75,190151426979
B01FVQ5Z5M,false,http://www.amazon.com/reviews/iframe?akid=AKIAJZXUIQUQZ34J3E5Q&alinkCode=xm2&asin=B01FVQ5Z5M&atag=djaroo10-20&exp=2016-06-26T13%3A53%3A14Z&v=2&sig=mwBmLJwJq4njhS9kdriJKVUGrsdJjMXrqGeBA96dgBU%3D,http://www.amazon.com/Microsoft-Surface-Intel-Kensington-Rugged/dp/B01FVQ5Z5M%3FSubscriptionId%3DAKIAJZXUIQUQZ34J3E5Q%26tag%3Ddjaroo10-20%26linkCode%3Dxm2%26camp%3D2025%26creative%3D165953%26creativeASIN%3DB01FVQ5Z5M,,,,500,http://ecx.images-amazon.com/images/I/41i6zHtfdXL.jpg,500,,,,120899,USD,"$1,208.99",160,http://ecx.images-amazon.com/images/I/41i6zHtfdXL._SL160_.jpg,160,New,1,http://www.amazon.com/gp/offer-listing/B01FVQ5Z5M%3FSubscriptionId%3DAKIAJZXUIQUQZ34J3E5Q%26tag%3Ddjaroo10-20%26linkCode%3Dxm2%26camp%3D2025%26creative%3D386001%26creativeASIN%3DB01FVQ5Z5M,120899,USD,"$1,208.99",,75,http://ecx.images-amazon.com/images/I/41i6zHtfdXL._SL75_.jpg,75,
B01GQWD85O,false,http://www.amazon.com/reviews/iframe?akid=AKIAJZXUIQUQZ34J3E5Q&alinkCode=xm2&asin=B01GQWD85O&atag=djaroo10-20&exp=2016-06-26T13%3A53%3A15Z&v=2&sig=he%2BWcKAf4y7up%2Fs2kcdyWJZ%2BzYpsmRBRFgYr6DM1hMc%3D,http://www.amazon.com/Microsoft-Surface-Privacy-Screen-Bundle/dp/B01GQWD85O%3FSubscriptionId%3DAKIAJZXUIQUQZ34J3E5Q%26tag%3Ddjaroo10-20%26linkCode%3Dxm2%26camp%3D2025%26creative%3D165953%26creativeASIN%3DB01GQWD85O,,,,500,http://ecx.images-amazon.com/images/I/41Eb6ig3ARL.jpg,500,,,,167555,USD,"$1,675.55",160,http://ecx.images-amazon.com/images/I/41Eb6ig3ARL._SL160_.jpg,160,New,1,http://www.amazon.com/gp/offer-listing/B01GQWD85O%3FSubscriptionId%3DAKIAJZXUIQUQZ34J3E5Q%26tag%3Ddjaroo10-20%26linkCode%3Dxm2%26camp%3D2025%26creative%3D386001%26creativeASIN%3DB01GQWD85O,167555,USD,"$1,675.55",,75,http://ecx.images-amazon.com/images/I/41Eb6ig3ARL._SL75_.jpg,75,
B01CA15CDG,true,http://www.amazon.com/reviews/iframe?akid=AKIAJZXUIQUQZ34J3E5Q&alinkCode=xm2&asin=B01CA15CDG&atag=djaroo10-20&exp=2016-06-26T13%3A53%3A15Z&v=2&sig=ISDM5EC3vvVP2%2FFvfCxF%2B7Kd7XT5j4tsE9BM%2FTXScWs%3D,http://www.amazon.com/Razer-Stealth-Touchscreen-Ultrabook-Generation/dp/B01CA15CDG%3Fpsc%3D1%26SubscriptionId%3DAKIAJZXUIQUQZ34J3E5Q%26tag%3Ddjaroo10-20%26linkCode%3Dxm2%26camp%3D2025%26creative%3D165953%26creativeASIN%3DB01CA15CDG,RZ09-01682E24-R3U1,RZ09-01682E24-R3U1,814855020423,281,http://ecx.images-amazon.com/images/I/313xEiuSgRL.jpg,500,139999,USD,"$1,399.99",139999,USD,"$1,399.99",90,http://ecx.images-amazon.com/images/I/313xEiuSgRL._SL160_.jpg,160,New,2,http://www.amazon.com/gp/offer-listing/B01CA15CDG%3FSubscriptionId%3DAKIAJZXUIQUQZ34J3E5Q%26tag%3Ddjaroo10-20%26linkCode%3Dxm2%26camp%3D2025%26creative%3D386001%26creativeASIN%3DB01CA15CDG,159997,USD,"$1,599.97",10427,42,http://ecx.images-amazon.com/images/I/313xEiuSgRL._SL75_.jpg,75,814855020423
B015QKVCIM,false,http://www.amazon.com/reviews/iframe?akid=AKIAJZXUIQUQZ34J3E5Q&alinkCode=xm2&asin=B015QKVCIM&atag=djaroo10-20&exp=2016-06-26T13%3A53%3A16Z&v=2&sig=dnw9an1KpUCBC%2FwyZndNf74OegzOlsDD1YxGe22uH54%3D,http://www.amazon.com/Dell-Touchscreen-Notebook-Computer-i7-6700HQ/dp/B015QKVCIM%3FSubscriptionId%3DAKIAJZXUIQUQZ34J3E5Q%26tag%3Ddjaroo10-20%26linkCode%3Dxm2%26camp%3D2025%26creative%3D165953%26creativeASIN%3DB015QKVCIM,XPS9550-4444SLV,,884116204343,500,http://ecx.images-amazon.com/images/I/41AqzNYo1HL.jpg,500,,,,217498,USD,"$2,174.98",160,http://ecx.images-amazon.com/images/I/41AqzNYo1HL._SL160_.jpg,160,,6,0,,,,42795,75,http://ecx.images-amazon.com/images/I/41AqzNYo1HL._SL75_.jpg,75,884116204343
B01EIUDHGG,true,http://www.amazon.com/reviews/iframe?akid=AKIAJZXUIQUQZ34J3E5Q&alinkCode=xm2&asin=B01EIUDHGG&atag=djaroo10-20&exp=2016-06-26T13%3A53%3A16Z&v=2&sig=5egnizFKIHPEulPvY9JjXxdV8jR0X2AO0bVnUOq8AlM%3D,http://www.amazon.com/Apple-MacBook-MLH82LL-12-Inch-Display/dp/B01EIUDHGG%3Fpsc%3D1%26SubscriptionId%3DAKIAJZXUIQUQZ34J3E5Q%26tag%3Ddjaroo10-20%26linkCode%3Dxm2%26camp%3D2025%26creative%3D165953%26creativeASIN%3DB01EIUDHGG,MLH82LL/A,MLH82LL/A,888462687652,500,http://ecx.images-amazon.com/images/I/51M8izn7chL.jpg,423,159900,USD,"$1,599.00",152900,USD,"$1,529.00",160,http://ecx.images-amazon.com/images/I/51M8izn7chL._SL160_.jpg,135,New,2,http://www.amazon.com/gp/offer-listing/B01EIUDHGG%3FSubscriptionId%3DAKIAJZXUIQUQZ34J3E5Q%26tag%3Ddjaroo10-20%26linkCode%3Dxm2%26camp%3D2025%26creative%3D386001%26creativeASIN%3DB01EIUDHGG,152900,USD,"$1,529.00",1914,75,http://ecx.images-amazon.com/images/I/51M8izn7chL._SL75_.jpg,63,"['888462687652', '636983057184']"
B01EIUGCN6,true,http://www.amazon.com/reviews/iframe?akid=AKIAJZXUIQUQZ34J3E5Q&alinkCode=xm2&asin=B01EIUGCN6&atag=djaroo10-20&exp=2016-06-26T13%3A53%3A22Z&v=2&sig=v8l1%2FK236ANqYuseHHPKBvme4r7SYJ6fMoCVsqVz7mg%3D,http://www.amazon.com/Apple-MacBook-MLHF2LL-12-Inch-Display/dp/B01EIUGCN6%3Fpsc%3D1%26SubscriptionId%3DAKIAJZXUIQUQZ34J3E5Q%26tag%3Ddjaroo10-20%26linkCode%3Dxm2%26camp%3D2025%26creative%3D165953%26creativeASIN%3DB01EIUGCN6,MLHF2LL/A,MLHF2LL/A,636983057177,500,http://ecx.images-amazon.com/images/I/51MYSMT-GwL.jpg,423,159900,USD,"$1,599.00",156900,USD,"$1,569.00",160,http://ecx.images-amazon.com/images/I/51MYSMT-GwL._SL160_.jpg,135,New,2,http://www.amazon.com/gp/offer-listing/B01EIUGCN6%3FSubscriptionId%3DAKIAJZXUIQUQZ34J3E5Q%26tag%3Ddjaroo10-20%26linkCode%3Dxm2%26camp%3D2025%26creative%3D386001%26creativeASIN%3DB01EIUGCN6,156900,USD,"$1,569.00",2249,75,http://ecx.images-amazon.com/images/I/51MYSMT-GwL._SL75_.jpg,63,"['636983057177', '888462687713']"
B01CGVNJZS,false,http://www.amazon.com/reviews/iframe?akid=AKIAJZXUIQUQZ34J3E5Q&alinkCode=xm2&asin=B01CGVNJZS&atag=djaroo10-20&exp=2016-06-26T13%3A53%3A22Z&v=2&sig=PPJtn5v2dDAPcKUYiHijDpzEOMoLMQJMEikv94bCVrk%3D,http://www.amazon.com/Microsoft-Surface-GeForce-graphics-Amazon-com/dp/B01CGVNJZS%3FSubscriptionId%3DAKIAJZXUIQUQZ34J3E5Q%26tag%3Ddjaroo10-20%26linkCode%3Dxm2%26camp%3D2025%26creative%3D165953%26creativeASIN%3DB01CGVNJZS,,,,500,http://ecx.images-amazon.com/images/I/41Ixn3VI3lL.jpg,500,,,,,,Too low to display,160,http://ecx.images-amazon.com/images/I/41Ixn3VI3lL._SL160_.jpg,160,New,1,http://www.amazon.com/gp/offer-listing/B01CGVNJZS%3FSubscriptionId%3DAKIAJZXUIQUQZ34J3E5Q%26tag%3Ddjaroo10-20%26linkCode%3Dxm2%26camp%3D2025%26creative%3D386001%26creativeASIN%3DB01CGVNJZS,,,Too low to display,,75,http://ecx.images-amazon.com/images/I/41Ixn3VI3lL._SL75_.jpg,75,
B018L4E5UC,false,http://www.amazon.com/reviews/iframe?akid=AKIAJZXUIQUQZ34J3E5Q&alinkCode=xm2&asin=B018L4E5UC&atag=djaroo10-20&exp=2016-06-26T13%3A53%3A23Z&v=2&sig=OEGfAzjEVjkaQFykoUKdcuN2abSthTllhhReAHabi8c%3D,http://www.amazon.com/Lenovo-ThinkPad-20FQ001VUS-Laptop-Black/dp/B018L4E5UC%3FSubscriptionId%3DAKIAJZXUIQUQZ34J3E5Q%26tag%3Ddjaroo10-20%26linkCode%3Dxm2%26camp%3D2025%26creative%3D165953%26creativeASIN%3DB018L4E5UC,20FQ001VUS,20FQ001VUS,190151253100,500,http://ecx.images-amazon.com/images/I/41YMpQiJ2uL.jpg,500,189900,USD,"$1,899.00",149300,USD,"$1,493.00",160,http://ecx.images-amazon.com/images/I/41YMpQiJ2uL._SL160_.jpg,160,New,59,http://www.amazon.com/gp/offer-listing/B018L4E5UC%3FSubscriptionId%3DAKIAJZXUIQUQZ34J3E5Q%26tag%3Ddjaroo10-20%26linkCode%3Dxm2%26camp%3D2025%26creative%3D386001%26creativeASIN%3DB018L4E5UC,150595,USD,"$1,505.95",10807,75,http://ecx.images-amazon.com/images/I/41YMpQiJ2uL._SL75_.jpg,75,190151253100
B01DHTXME6,false,http://www.amazon.com/reviews/iframe?akid=AKIAJZXUIQUQZ34J3E5Q&alinkCode=xm2&asin=B01DHTXME6&atag=djaroo10-20&exp=2016-06-26T13%3A53%3A23Z&v=2&sig=6PaKwfXRlpB%2Bp6KOsFQRftJ9LSf7YqHwzhAx7eCxPFs%3D,http://www.amazon.com/Lenovo-ThinkPad-20FB002LUS-Ultrabook-i7-6600U/dp/B01DHTXME6%3FSubscriptionId%3DAKIAJZXUIQUQZ34J3E5Q%26tag%3Ddjaroo10-20%26linkCode%3Dxm2%26camp%3D2025%26creative%3D165953%26creativeASIN%3DB01DHTXME6,20FB002LUS,20FB002LUS,190151852204,500,http://ecx.images-amazon.com/images/I/41kHNcZsQGL.jpg,500,212900,USD,"$2,129.00",179900,USD,"$1,799.00",160,http://ecx.images-amazon.com/images/I/41kHNcZsQGL._SL160_.jpg,160,New,39,http://www.amazon.com/gp/offer-listing/B01DHTXME6%3FSubscriptionId%3DAKIAJZXUIQUQZ34J3E5Q%26tag%3Ddjaroo10-20%26linkCode%3Dxm2%26camp%3D2025%26creative%3D386001%26creativeASIN%3DB01DHTXME6,186700,USD,"$1,867.00",1702,75,http://ecx.images-amazon.com/images/I/41kHNcZsQGL._SL75_.jpg,75,190151852204
B01BF8DN4A,false,http://www.amazon.com/reviews/iframe?akid=AKIAJZXUIQUQZ34J3E5Q&alinkCode=xm2&asin=B01BF8DN4A&atag=djaroo10-20&exp=2016-06-26T13%3A53%3A24Z&v=2&sig=qEFf4N6yJeil3uZRlyXx81P4LU7j8phh11hbLdrWqN4%3D,http://www.amazon.com/Dell-Latitude-7000-E7470-Ultrabook/dp/B01BF8DN4A%3FSubscriptionId%3DAKIAJZXUIQUQZ34J3E5Q%26tag%3Ddjaroo10-20%26linkCode%3Dxm2%26camp%3D2025%26creative%3D165953%26creativeASIN%3DB01BF8DN4A,N1N70,N1N70,884116212218,500,http://ecx.images-amazon.com/images/I/41EDBqKUPpL.jpg,500,,,,85000,USD,$850.00,160,http://ecx.images-amazon.com/images/I/41EDBqKUPpL._SL160_.jpg,160,New,42,http://www.amazon.com/gp/offer-listing/B01BF8DN4A%3FSubscriptionId%3DAKIAJZXUIQUQZ34J3E5Q%26tag%3Ddjaroo10-20%26linkCode%3Dxm2%26camp%3D2025%26creative%3D386001%26creativeASIN%3DB01BF8DN4A,119999,USD,"$1,199.99",15053,75,http://ecx.images-amazon.com/images/I/41EDBqKUPpL._SL75_.jpg,75,884116212218
