,upc,sku,Manufacturer,productGuide,mfgPart,Sku,Upc,Upc14,BatteryChemistry,numberOfCells,maximumBatteryRunTime,fingerPrintReader,frontCamera,Hdmi,networkRJ45,totalNumberOfUsbPorts,numberOfUsb3.0Ports,aspectRatio,screenResolution,screenSize,graphicsControllerManufacturer,graphicsControllerModel,graphicsMemoryTechnology,graphicsMemoryAccessibility,displayScreenTechnology,productType,manufacturerPartNumber,manufacturer,productModel,productName,productSeries,brandName,standardMemory,memoryTechnology,packageContents,greenCompliant,greenComplianceCertificate,bluetooth,wirelessLAN,wirelessLANStandard,weightApproximate,color,height,width,depth,opticalDriveType,solidStateDriveCapacity,processorSpeed,processorType,processorModel,processorCore,processorManufacturer,operatingSystem,operatingSystemArchitecture,operatingSystemPlatform,limitedWarranty,headphone.microphoneComboPort,microHdmi,touchScreen,flashMemoryCapacity
1,8.87899E+11,259193368,Acer,Acer,NX.SHEAA.006,259193368,887899398186,00887899398186,,3-cell,8.50 Hour,No,Yes,Yes,No,2,1,16:9,1366 x 768,"11.6""",Intel,HD Graphics,DDR3 SDRAM,Shared,ComfyView,Chromebook,NX.SHEAA.006,"Acer, Inc",C720-29552G01aii,C720-29552G01aii Notebook,C720,Acer,2 GB,DDR3L SDRAM,C720-29552G01aii NotebookLithium Polymer BatteryAC Adapter,Yes,EPEAT Silver,Yes,Yes,IEEE 802.11a/b/g/n,2.76 lb,Granite Gray,"0.8""","11.3""","8""",No,16 GB,1.40 GHz,Celeron,2955U,Dual-core (2 Core),Intel,Chrome OS,64-bit,Chrome OS,1 Year,,,,
2,7.22571E+11,278762979,,,,,,,,,,,,,,,,,,,,,,,,,,,,,,,,,,,,,,,,,,,,,,,,,,,,,,,,,,
3,8.89349E+11,284239063,Asus,,90NP0232-M02210,284239063,889349130445,00889349130445,,,,,,,,,,,,,,,,,,,,,,,,,,,,,,,,,,,,,,,,,,,,,,,,,,,,
4,8.87276E+11,293307847,Samsung,,XE500C13-K01US,293307847,887276124025,00887276124025,,2-cell,,,Yes,Yes,,2,1,16:9,1366 x 768,"11.6""",Intel,HD Graphics,LPDDR3,Shared,,Chromebook,XE500C13-K01US,Samsung,,Chromebook 3 Chromebook,,Samsung,2 GB,LPDDR3, Chromebook 3 Chromebook Lithium Polymer Battery AC Adapter ,Yes,RoHS /  ENERGY STAR,Yes,Yes,IEEE 802.11ac,2.54 lb,Metallic Black,,,,,,1.60 GHz,Celeron,N3050,Dual-core (2 Core),Intel,Chrome OS,,Chrome OS,,,,,
7,8.86228E+11,291846042,,,,,,,,,,,,,,,,,,,,,,,,,,,,,,,,,,,,,,,,,,,,,,,,,,,,,,,,,,
9,8.89349E+11,281153225,ASUS - CHROMEBOOK,ASUS - CHROMEBOOK,90NL0912-M00300,281153225,889349057841,00889349057841,,2-cell,13 Hour,,,,,2,,16:9,1366 x 768,"11.6""",ARM,Mali-T764,,,,Chromebook,90NL0912-M00300,ASUS Computer International,C201PA-DS01,Chromebook C201PA-DS01,C201,Asus,2 GB,DDR3 SDRAM, Chromebook C201PA-DS01 AC Adapter User E-Manual Warranty Card ,Yes,RoHS,Yes,Yes,IEEE 802.11ac,2 lb,Navy Blue,"0.7""","11.3""","7.6""",No,16 GB,1.80 GHz,Cortex A17,RK3288,Quad-core (4 Core),Rockchip,Chrome OS,,Chrome OS,1 Year,Yes,Yes,No,
10,8.50525E+11,291704632,VULCAN ELECTRONICS,,VNB14002IE,291704632,850525006397,00850525006397,,,7 Hour,,,,,2,,16:9,1366 x 768,"14""",,,,,In-plane Switching (IPS) Technology,Notebook,VNB14002IE,Vulcan Electronics,,Venture II Notebook,,Vulcan,2 GB,DDR3 SDRAM,,,,,,,,,"0.8""","13.8""","9.2""",,32 GB,,,,Quad-core (4 Core),,,,,,,,,
11,8.87111E+11,233078313,Hewlett Packard,,A7E36UT#ABA,233078313,887111337160,00887111337160,,,,,,,Yes,6,4,,,,,,,,,Docking Station,A7E36UT#ABA,HP Inc.,,2012 120W Advanced Docking Station,,HP,,,,,,,,,3.61 lb,,"2.6""","10.7""","10.2""",,,,,,,,,,,1 Year,,,,
15,8.88863E+11,294598209,Acer,,NX.G85AA.001,294598209,888863408634,00888863408634,,3-cell,,No,Yes,Yes,,2,1,16:9,1366 x 768,"11.6""",Intel,HD Graphics,DDR3L SDRAM,Shared,ComfyView /  In-plane Switching (IPS) Technology,Chromebook,NX.G85AA.001,"Acer, Inc",CB3-131-C3SZ,CB3-131-C3SZ Chromebook,CB3-131,Acer,2 GB,DDR3L SDRAM,CB3-131-C3SZ ChromebookLithium Ion BatteryAC Adapter,,,Yes,Yes,IEEE 802.11a/b/g/n/ac,2.43 lb,,"0.7""","11.6""","8""",No,,2.16 GHz,Celeron,N2840,Dual-core (2 Core),Intel,Chrome OS,,Chrome OS,,,,,16 GB
16,8.89894E+11,287025553,HP INC. - CONSUMER ENTRY,,P3U33UA#ABA,287025553,889894330611,00889894330611,,3-cell,,,,,,3,1,16:9,1366 x 768,"13.3""",,,,,,Notebook,P3U33UA#ABA,HP Inc.,13-c110nr,Stream 13-c110nr Notebook,13-c100,HP,2 GB,DDR3L SDRAM, Stream 13-c110nr Notebook Lithium Ion Battery AC Adapter ,Yes,EPEAT Silver,Yes,Yes,IEEE 802.11b/g/n,,,,,,,,1.60 GHz,Celeron,N3050,Dual-core (2 Core),Intel,Windows 10,,Windows,,,,,
17,8.879E+11,282264155,,,,,,,,,,,,,,,,,,,,,,,,,,,,,,,,,,,,,,,,,,,,,,,,,,,,,,,,,,
18,8.28064E+11,289412780,Visual Land,,ME9W32GBBLK,289412780,828063514926,00828063514926,,,,,Yes,,,,,16:10,1280 x 800,"8.9""",Intel,HD Graphics,DDR3L SDRAM,Shared,In-plane Switching (IPS) Technology,2 in 1 Netbook,ME9W32GBBLK,"Visual Land, Inc",,Premier 9 2 in 1 Netbook,,Visual Land,1 GB,DDR3L SDRAM, Premier 9 2 in 1 Netbook Standard Battery AC Adapter Docking Keyboard Case ,,,Yes,Yes,IEEE 802.11b/g/n,1.10 lb,Black,"0.4""","9.2""","6""",,,1.33 GHz,Atom,,Quad-core (4 Core),Intel,Windows 10,,Windows,1 Year,,,,
19,8.879E+11,269278245,Acer,,NT.L4TAA.008,269278245,887899686832,00887899686832,,2-cell,,No,Yes,,,,,16:10,1280 x 800,"10.1""",Intel,HD Graphics,DDR3LM SDRAM,Shared,In-plane Switching (IPS) Technology,2 in 1 Netbook,NT.L4TAA.008,"Acer, Inc",SW5-012-14HK,Aspire SW5-012-14HK 2 in 1 Netbook,SW5-012,Acer,2 GB,DDR3L SDRAM,Aspire SW5-012-14HK 2 in 1 NetbookLithium Polymer BatteryAC AdapterKeyboard Dock,,,Yes,Yes,IEEE 802.11a/b/g/n,2.58 lb,,"0.4""","10.3""","7""",No,,1.33 GHz,Atom,Z3735F,Quad-core (4 Core),Intel,Windows 8.1 Pro,32-bit,Windows,,Yes,Yes,Yes,
20,8.84116E+11,297509071,,,,,,,,,,,,,,,,,,,,,,,,,,,,,,,,,,,,,,,,,,,,,,,,,,,,,,,,,,
22,8.88863E+11,286103940,Acer,,NX.SHKAA.001,286103940,888863406821,00888863406821,,2-cell,,No,Yes,Yes,,2,1,16:9,1366 x 768,"11.6""",Intel,HD Graphics,DDR3L SDRAM,Shared,ComfyView,Notebook,NX.SHKAA.001,"Acer, Inc",AO1-131M-C1T4,Aspire One Cloudbook 11 AO1-131M-C1T4 Notebook,1-131M,Acer,2 GB,DDR3L SDRAM,Aspire One Cloudbook 11 AO1-131M-C1T4 NotebookLithium Polymer BatteryAC Adapter,,,Yes,Yes,IEEE 802.11ac,2.54 lb,,"0.7""","11.5""","8""",No,,1.60 GHz,Celeron,N3050,Dual-core (2 Core),Intel,Windows 10 Pro,64-bit,Windows,,,,,32 GB
23,8.87276E+11,276121320,,,,,,,,,,,,,,,,,,,,,,,,,,,,,,,,,,,,,,,,,,,,,,,,,,,,,,,,,,
24,8.88863E+11,292342603,Acer,,AO1-131-C9PM,292342603,888863343775,00888863343775,,,,,,,,,,,,,,,,,,,,,,,,,,,,,,,,,,,,,,,,,,,,,,,,,,,,
25,8.84116E+11,278005316,DELL CHROMEBOOKS,DELL CHROMEBOOKS,463-5179,278005316,884116183464,00884116183464,,3-cell,10 Hour,,,Yes,,2,1,16:9,1366 x 768,"11.6""",Intel,HD Graphics,DDR3L SDRAM,Shared,,Chromebook,463-5179,"Dell, Inc",,11 Chromebook,11,Dell,2 GB,DDR3L SDRAM,11 ChromebookStandard BatteryAC Adapter,,,Yes,Yes,IEEE 802.11ac,2.70 lb,Blue,"0.8""","11.6""","8.6""",,16 GB,2.16 GHz,Celeron,N2840,Dual-core (2 Core),Intel,Chrome OS,,Chrome OS,1 Year,Yes,,,
26,8.89801E+11,287198969,Lenovo,Lenovo,80QN0009US,287198969,889800850318,00889800850318,,2-cell,8 Hour,,Yes,Yes,,2,1,16:9,1366 x 768,"11.6""",Intel,HD Graphics,DDR3L SDRAM,Shared,,Chromebook,80QN0009US,Lenovo Group Limited,80QN0009US,IdeaPad 100S 80QN0009US Chromebook,100S,Lenovo,2 GB,DDR3L SDRAM, IdeaPad 100S 80QN0009US Chromebook AC Adapter and Cord ,,,Yes,Yes,IEEE 802.11ac,2.60 lb,,"0.8""","11.8""","8.2""",No,,2.16 GHz,Celeron,N2840,Dual-core (2 Core),Intel,Chrome OS,,Chrome OS,,Yes,,No,16 GB
27,1.90152E+11,293610521,Lenovo,Lenovo,80SF0001US,293610521,190151606555,00190151606555,,3-cell,,,Yes,Yes,,3,1,16:9,1366 x 768,"11.6""",Intel,HD Graphics,DDR3L SDRAM,Shared,,Chromebook,80SF0001US,Lenovo Group Limited,80SF0001US,N22 80SF0001US Chromebook,N22,Lenovo,4 GB,DDR3L SDRAM, N22 80SF0001US Chromebook Lithium Ion Battery AC Adapter ,Yes,RoHS,Yes,Yes,IEEE 802.11ac,2.69 lb,,"0.9""","11.8""","8.3""",,,1.60 GHz,Celeron,N3050,Dual-core (2 Core),Intel,Chrome OS,,Chrome OS,,Yes,,,
28,8.88863E+11,286953639,Acer,,NT.LB9AA.001,286953639,888863341665,00888863341665,,,,,Yes,,,,,16:10,1280 x 800,"10.1""",,,,,In-plane Switching (IPS) Technology,Tablet,NT.LB9AA.001,"Acer, Inc",B3-A10-K154,ICONIA B3-A10-K154 Tablet,B,Acer,1 GB,DDR3L SDRAM,ICONIA B3-A10-K154 TabletAC Adapter,Yes,RoHS /  WEEE,Yes,Yes,IEEE 802.11a/b/g/n,1.12 lb,,"0.4""","6.8""","9.6""",No,,1.70 GHz,,MT8151V,Octa-core (8 Core),MediaTek,Android 4.4 KitKat,,Android,,,,,32 GB
29,1.90152E+11,293610517,Lenovo,Lenovo,80SF0000US,293610517,190151606531,00190151606531,,3-cell,,,,Yes,,3,1,16:9,1366 x 768,"11.6""",,,,,,Chromebook,80SF0000US,Lenovo Group Limited,80SF0000US,N22 80SF0000US Chromebook,N22,Lenovo,2 GB,DDR3L SDRAM, N22 80SF0000US Chromebook Lithium Ion Battery AC Adapter ,Yes,RoHS,,,,2.69 lb,,"0.9""","11.8""","8.3""",,,1.60 GHz,Celeron,N3050,Dual-core (2 Core),Intel,Chrome OS,,Chrome OS,,Yes,,,
30,8.87276E+11,293307861,Samsung,,XE500C13-K02US,293307861,887276124032,00887276124032,,2-cell,,,Yes,Yes,,2,1,16:9,1366 x 768,"11.6""",Intel,HD Graphics,LPDDR3,Shared,,Chromebook,XE500C13-K02US,Samsung,,Chromebook 3 Chromebook,,Samsung,4 GB,LPDDR3, Chromebook 3 Chromebook Lithium Polymer Battery AC Adapter ,Yes,RoHS /  ENERGY STAR,Yes,Yes,IEEE 802.11ac,2.54 lb,Metallic Black,,,,,,1.60 GHz,Celeron,N3050,Dual-core (2 Core),Intel,Chrome OS,,Chrome OS,,,,,
31,8.88794E+11,284160076,,,,,,,,,,,,,,,,,,,,,,,,,,,,,,,,,,,,,,,,,,,,,,,,,,,,,,,,,,
32,8.88794E+11,281810193,,,,,,,,,,,,,,,,,,,,,,,,,,,,,,,,,,,,,,,,,,,,,,,,,,,,,,,,,,
33,8.88864E+11,290558326,ACER- CHROME PRODUCTS,,NX.GC1AA.001,290558326,888863528134,00888863528134,,,,,,,,,,,,,,,,,,,,,,,,,,,,,,,,,,,,,,,,,,,,,,,,,,,,
37,8.89955E+11,292338362,,,,,,,,,,,,,,,,,,,,,,,,,,,,,,,,,,,,,,,,,,,,,,,,,,,,,,,,,,
39,8.87276E+11,270777035,Samsung,,XE500C12-K01US,270777035,887276039022,00887276039022,,,,,,,,,,,,,,,,,,,,,,,,,,,,,,,,,,,,,,,,,,,,,,,,,,,,
40,6.9686E+11,288752367,,,,,,,,,,,,,,,,,,,,,,,,,,,,,,,,,,,,,,,,,,,,,,,,,,,,,,,,,,
44,8.84116E+11,276661920,Dell,,i3451-1001BLK,276661920,884116164890,00884116164890,,4-cell,6 Hour,,Yes,Yes,,,,16:9,1366 x 768,"14""",Intel,HD Graphics,DDR3L SDRAM,Shared,TrueLife,Notebook,i3451-1001BLK,"Dell, Inc",14-3451,Inspiron 14 3000 14 3451 Notebook,14 3000,Dell,2 GB,DDR3L SDRAM,Inspiron 14 3000 14 3451 NotebookAC Adapter,,,Yes,Yes,IEEE 802.11b/g/n,4.43 lb,Black,,,,No,,2.16 GHz,Celeron,N2840,Dual-core (2 Core),Intel,Windows 8.1 with Bing (English),64-bit,Windows,,,,No,
45,8.84116E+11,292343222,Dell Computers,,I3452-600BLK,292343222,884116168423,00884116168423,,,,,,,,,,,,,,,,,,,,,,,,,,,,,,,,,,,,,,,,,,,,,,,,,,,,
46,8.879E+11,270277485,Acer,,NX.MLVAA.001,270277485,887899756016,00887899756016,,6-cell,,No,Yes,Yes,Yes,3,1,16:9,1366 x 768,"15.6""",Intel,HD Graphics,DDR3 SDRAM,Shared,,Notebook,NX.MLVAA.001,"Acer, Inc",E5-531-C01E,Aspire E5-531-C01E Notebook,E5-531,Acer,4 GB,DDR3L SDRAM,Aspire E5-531-C01E NotebookLithium Ion BatteryAC Adapter,,,Yes,Yes,IEEE 802.11b/g/n,5.51 lb,,"1.2""","15""","10.1""",DVD-Writer,,1.40 GHz,Celeron,2957U,Dual-core (2 Core),Intel,Windows 7 Home Premium,64-bit,Windows,,,,,
47,12303838556,259193368,Acer,Acer,NX.SHEAA.006,259193368,887899398186,00887899398186,,3-cell,8.50 Hour,No,Yes,Yes,No,2,1,16:9,1366 x 768,"11.6""",Intel,HD Graphics,DDR3 SDRAM,Shared,ComfyView,Chromebook,NX.SHEAA.006,"Acer, Inc",C720-29552G01aii,C720-29552G01aii Notebook,C720,Acer,2 GB,DDR3L SDRAM,C720-29552G01aii NotebookLithium Polymer BatteryAC Adapter,Yes,EPEAT Silver,Yes,Yes,IEEE 802.11a/b/g/n,2.76 lb,Granite Gray,"0.8""","11.3""","8""",No,16 GB,1.40 GHz,Celeron,2955U,Dual-core (2 Core),Intel,Chrome OS,64-bit,Chrome OS,1 Year,,,,
48,8.88183E+11,265018782,Hewlett Packard,,G6T29UA#ABA,265018782,888182906668,00888182906668,,3-cell,6.25 Hour,,,,No,2,,16:9,1366 x 768,"11.6""",ARM,Mali-T604,,Shared,In-plane Switching (IPS) Technology,Chromebook,G6T29UA#ABA,HP Inc.,11-2010nr,Chromebook 11-2010nr Notebook PC,11-2000,HP,2 GB,DDR3L SDRAM, Chromebook 11-2010nr Notebook PC Lithium Polymer Battery AC Adapter ,Yes,EPEAT Silver /  ENERGY STAR,Yes,Yes,IEEE 802.11a/b/g/n,2.69 lb,Snow White /  Ano Silver,"0.8""","11.8""","8.1""",No,,1.70 GHz,Exynos 5,5250,Dual-core (2 Core),Samsung,Chrome OS,32-bit,Chrome OS,1 Year,Yes,,No,
49,8.8001E+11,296849119,,,,,,,,,,,,,,,,,,,,,,,,,,,,,,,,,,,,,,,,,,,,,,,,,,,,,,,,,,
51,8.89894E+11,284134415,Hewlett Packard,,P0B78UT#ABA,284134415,889894141910,00889894141910,,,,,,,,,,,,,,,,,,,,,,,,,,,,,,,,,,,,,,,,,,,,,,,,,,,,
53,8.88793E+11,268857763,,,,,,,,,,,,,,,,,,,,,,,,,,,,,,,,,,,,,,,,,,,,,,,,,,,,,,,,,,
54,8.89895E+11,288779471,HP INC.,,T4M31UT#ABA,288779471,889894582270,00889894582270,,3-cell,8.25 Hour,,Yes,Yes,,3,1,16:9,1366 x 768,"14""",Intel,HD Graphics,DDR3L SDRAM,Shared,,Chromebook,T4M31UT#ABA,HP Inc.,,Chromebook 14 G4 (ENERGY STAR),14 G4,HP,2 GB,DDR3L SDRAM, Chromebook 14 G4 (ENERGY STAR) Lithium Polymer Battery AC Adapter Power Cord ,Yes,EU WEEE /  RoHS /  EPEAT Gold /  ENERGY STAR /  IT Eco Declaration /  WEEE,Yes,Yes,IEEE 802.11a/b/g/n/ac,3.77 lb,,"0.7""","13.5""","9.4""",No,16 GB,2.16 GHz,Celeron,N2840,Dual-core (2 Core),Intel,Chrome OS (English),,Chrome OS,1 Year,Yes,,,
55,8.89894E+11,287018263,Hewlett Packard,,P3U34UA#ABA,287018263,889894330628,00889894330628,,3-cell,,,Yes,,,,,16:9,1366 x 768,"13.3""",Intel,HD Graphics,,Shared,,Notebook,P3U34UA#ABA,Hewlett-Packard,13-c120nr,Stream 13-c120nr Notebook,13-c100,HP,2 GB,, Stream 13-c120nr Notebook Standard Battery AC Adapter ,Yes,EPEAT Silver,Yes,Yes,IEEE 802.11b/g/n,3.50 lb,Purple Violet,"1.2""",,,,,1.60 GHz,Celeron,N3050,Dual-core (2 Core),Intel,Windows 10,,Windows,,,,No,
57,8.88793E+11,281269267,,,,,,,,,,,,,,,,,,,,,,,,,,,,,,,,,,,,,,,,,,,,,,,,,,,,,,,,,,
60,8.89349E+11,294678984,Asus,,E200HA-US01-BL,294678984,889349317082,00889349317082,,,,,,,,,,,,,,,,,,,,,,,,,,,,,,,,,,,,,,,,,,,,,,,,,,,,
62,8.87899E+11,265055112,,,,,,,,,,,,,,,,,,,,,,,,,,,,,,,,,,,,,,,,,,,,,,,,,,,,,,,,,,
63,8.88794E+11,270188595,,,,,,,,,,,,,,,,,,,,,,,,,,,,,,,,,,,,,,,,,,,,,,,,,,,,,,,,,,
66,8.89349E+11,281153230,ASUS - CHROMEBOOK,ASUS - CHROMEBOOK,90NL0912-M00290,281153230,889349057858,00889349057858,,2-cell,13 Hour,,,,,2,,16:9,1366 x 768,"11.6""",ARM,Mali-T764,,,,Chromebook,90NL0912-M00290,ASUS Computer International,C201PA-DS02,Chromebook C201PA-DS02 Chromebook,C201,Asus,4 GB,LPDDR3, Chromebook C201PA-DS02 Chromebook AC Adapter User E-Manual Warranty Card ,Yes,RoHS,Yes,Yes,IEEE 802.11ac,2 lb,Navy Blue,"0.7""","11.3""","7.6""",No,16 GB,1.80 GHz,Cortex A17,RK3288,Quad-core (4 Core),Rockchip,Chrome OS,,Chrome OS,1 Year,Yes,Yes,No,
67,8.89234E+11,277080973,,,,,,,,,,,,,,,,,,,,,,,,,,,,,,,,,,,,,,,,,,,,,,,,,,,,,,,,,,
69,8.89894E+11,287767369,HP INC.,,N5x86UA#ABA,287767369,889894347619,00889894347619,,,,,,,,,,,,"11.6""",,,,,,Notebook,N5X86UA#ABA,HP Inc.,11-r010nr,Stream 11-r010nr Notebook,11-r000,HP,2 GB,, Stream 11-r010nr Notebook Standard Battery AC Adapter ,Yes,EPEAT Silver,Yes,Yes,,,,,,,,32 GB,1.60 GHz,Celeron,N3050,Dual-core (2 Core),Intel,Windows 10,,Windows,,,,,
70,8.89894E+11,287767325,HP INC.,,N5x87UA#ABA,287767325,889894347626,00889894347626,,2-cell,,,Yes,Yes,,2,1,16:9,1366 x 768,"11.6""",Intel,HD Graphics,DDR3L SDRAM,Shared,,Notebook,N5X87UA#ABA,HP Inc.,11-r020nr,Stream Notebook - 11-r020nr (ENERGY STAR),11-r000,HP,2 GB,DDR3L SDRAM, Stream Notebook - 11-r020nr (ENERGY STAR) Lithium Ion Battery AC Adapter ,Yes,ENERGY STAR /  EPEAT Silver,Yes,Yes,IEEE 802.11b/g/n,2.60 lb,Purple Violet,"0.7""","11.8""","8.1""",,,1.60 GHz,Celeron,N3050,Dual-core (2 Core),Intel,Windows 10 Home,,Windows,1 Year,Yes,,,
71,7.00444E+11,268592944,Hewlett Packard,,RB-700443661454,268592944,700443661454,00700443661454,,,,,,,,,,,,,,,,,,,,,,,,,,,,,,,,,,,,,,,,,,,,,,,,,,,,
72,7.19193E+11,283395083,LG Electronics,,PF1500,283395083,719192599215,00719192599215,,,,,,,,,,,,,,,,,,,,,,,,,,,,,,,,,,,,,,,,,,,,,,,,,,,,
73,8.89234E+11,277731378,Lenovo,,80MG0000US,277731378,889233676622,00889233676622,,,,,,,,,,,,,,,,,,,,,,,,,,,,,,,,,,,,,,,,,,,,,,,,,,,,
76,8.89234E+11,280200574,Lenovo,,20ED000EUS,280200574,889233645338,00889233645338,,4-cell,6.60 Hour,No,,Yes,Yes,2,1,16:9,1366 x 768,"11.6""",AMD,Radeon R3 Graphics,DDR3L SDRAM,Shared,,Notebook,20ED000EUS,Lenovo Group Limited,20ED000EUS,ThinkPad 11e 20ED000EUS Notebook,11e,Lenovo,4 GB,DDR3L SDRAM,ThinkPad 11e 20ED000EUS NotebookAC AdapterWindows 8.1 Pro License Media,Yes,ENERGY STAR 6.1 /  EPEAT Silver /  RoHS,Yes,Yes,IEEE 802.11ac,3.28 lb,Graphite Black,"0.9""","11.8""","8.5""",No,,1.80 GHz,A-Series,A4-6210,Quad-core (4 Core),AMD,Windows 7 Professional Upgradable to Windows 8.1 Pro,64-bit,Windows,1 Year,Yes,,No,
78,8.84116E+11,294065957,,,,,,,,,,,,,,,,,,,,,,,,,,,,,,,,,,,,,,,,,,,,,,,,,,,,,,,,,,
79,8.89801E+11,287000102,,,,,,,,,,,,,,,,,,,,,,,,,,,,,,,,,,,,,,,,,,,,,,,,,,,,,,,,,,
80,8.86228E+11,275023497,Asus,Asus,90NB0794-M00020-RFBB,275023497,886227852130,00886227852130,,,,,,,,,,,,,,,,,,,,,,,,,,,,,,,,,,,,,,,,,,,,,,,,,,,,
85,8.86228E+11,272726127,ASUS - CHROMEBOOK,,C300MA-DH02,272726127,886227904297,00886227904297,,3-cell,10 Hour,,,Yes,,2,1,16:9,1366 x 768,"13.3""",Intel,HD Graphics,DDR3L SDRAM,Shared,,Chromebook,C300MA-DH02,ASUS Computer International,C300MA-DH02,Chromebook C300MA-DH02 Notebook,C300MA,Asus,4 GB,DDR3L SDRAM, Chromebook C300MA-DH02 Notebook Lithium Ion Battery AC Adapter ,Yes,RoHS /  ENERGY STAR 4.0,Yes,Yes,IEEE 802.11ac,3.10 lb,Black,"0.9""","13""","9.1""",No,,2.16 GHz,Celeron,N2830,Dual-core (2 Core),Intel,Chrome OS,,Chrome OS,1 Year,Yes,,No,
86,7.25184E+11,283842835,Hewlett Packard,,n1c10ua#aba,283842835,725184047374,00725184047374,,3-cell,8.25 Hour,,,Yes,,,,16:9,1366 x 768,"11.6""",Intel,HD Graphics,DDR3L SDRAM,Shared,,Chromebook,n1c10ua#aba,HP Inc.,11-2210nr,Chromebook 11-2210nr Notebook PC,11-2200,HP,2 GB,DDR3L SDRAM, Chromebook 11-2210nr Notebook PC Lithium Polymer Battery AC Adapter ,Yes,ENERGY STAR,Yes,Yes,IEEE 802.11ac,2.83 lb,Smoke Silver /  Ano Silver,"0.8""","11.8""","8.1""",,,2.16 GHz,Celeron,N2840,Dual-core (2 Core),Intel,Chrome OS,,Chrome OS,,Yes,,No,
88,8.89894E+11,293262489,Hewlett Packard,,N9E35UA,293262489,889894442215,00889894442215,,,,,,,,,,,,,,,,,,,,,,,,,,,,,,,,,,,,,,,,,,,,,,,,,,,,
89,8.88794E+11,270188593,HPI - CONSUMER PRODUCTS,,J9M84UA#ABA,270188593,888793711927,00888793711927,,3-cell,,,,,,,,16:9,1366 x 768,"14""",,,,,,Chromebook,J9M84UA#ABA,HP Inc.,14-x010nr,Chromebook 14-x010nr Notebook,14-x000,HP,2 GB,, Chromebook 14-x010nr Notebook Standard Battery AC Adapter ,,,Yes,Yes,IEEE 802.11ac,,,,,,,,,,,,NVIDIA,Chrome OS,32-bit,Chrome OS,,,,No,
92,8.86228E+11,277228170,Asus,Asus,T100CHI-B1-BK,277228170,886227941315,00886227941315,,,,,Yes,,,,,16:10,1920 x 1200,"10.1""",Intel,HD Graphics,LPDDR3,Shared,In-plane Switching (IPS) Technology /  TruVivid Technology,Net-tablet PC,T100CHI-B1-BK,ASUS Computer International,T100CHI-B1-BK,Transformer Book T100CHI-B1-BK Net-tablet PC,T100 Chi,Asus,2 GB,LPDDR3,Transformer Book T100CHI-B1-BK&amp;#160;Net-tablet PCLithium Polymer BatteryAC AdapterKeyboard DockUser E-ManualWarranty Card,Yes,WEEE /  RoHS /  ErP /  ENERGY STAR,Yes,Yes,IEEE 802.11 a/g/n,2.40 lb,Black,"0.5""","10.1""","6.9""",No,,1.46 GHz,Atom,Z3775,Quad-core (4 Core),Intel,Windows 8.1,,Windows,1 Year,,,,32 GB
94,8.89349E+11,289332542,Asus,,90NB05M1-M01580,289332542,889349243640,00889349243640,,,,,,,,,,,,,,,,,,,,,,,,,,,,,,,,,,,,,,,,,,,,,,,,,,,,
95,8.88794E+11,295866898,,,,,,,,,,,,,,,,,,,,,,,,,,,,,,,,,,,,,,,,,,,,,,,,,,,,,,,,,,
96,8.879E+11,272879941,Acer,,NX.MQNAA.001,272879941,887899706240,00887899706240,,3-cell,8.50 Hour,No,Yes,Yes,,2,1,16:9,1366 x 768,"11.6""",Intel,HD Graphics,DDR3 SDRAM,Shared,ComfyView,Chromebook,NX.MQNAA.001,"Acer, Inc",CB3-111-C9DJ,CB3-111-C9DJ Notebook,CB3-111,Acer,2 GB,DDR3L SDRAM,CB3-111-C9DJ NotebookLithium Ion BatteryAC Adapter,,,Yes,Yes,IEEE 802.11a/b/g/n/ac,2.43 lb,,"0.7""","11.8""","8""",No,,2.16 GHz,Celeron,N2830,Dual-core (2 Core),Intel,Chrome OS,64-bit,Chrome OS,,,,,16 GB
97,8.28063E+11,282462040,Visual Land,,ME10W16GBBLK,282462040,828063340129,00828063340129,,,,,,,,,,,,,,,,,,,,,,,,,,,,,,,,,,,,,,,,,,,,,,,,,,,,
98,8.879E+11,275620684,,,,,,,,,,,,,,,,,,,,,,,,,,,,,,,,,,,,,,,,,,,,,,,,,,,,,,,,,,
99,8.89895E+11,287770813,HP INC. - SB NOTEBOOKS,,T3L13UT#ABA,287770813,889894515087,00889894515087,,2-cell,10.50 Hour,,,Yes,,2,1,16:9,1366 x 768,"11.6""",Intel,HD Graphics,DDR3L SDRAM,Shared,,Notebook,T3L13UT#ABA,HP Inc.,,Stream 11 Pro G2 Notebook PC,,HP,2 GB,DDR3L SDRAM, Stream 11 Pro G2 Notebook PC Lithium Polymer Battery AC Adapter ,Yes,REACH /  ENERGY STAR,Yes,Yes,IEEE 802.11a/b/g/n/ac,2.43 lb,,"0.7""","11.8""","8.1""",No,,1.60 GHz,Celeron,N3050,Dual-core (2 Core),Intel,Windows 10 Pro,64-bit,Windows,1 Year,Yes,,,
106,7.94193E+11,250173439,Compucessory,,CCS51546,250173439,794192515465,00794192515465,,,,,,,,,,,,,,,,,,,,,,,,,,,,,,,,,,,,,,,,,,,,,,,,,,,,
107,8.89349E+11,285570456,Asus,Asus,X205TA-SATM0404G,285570456,889349006788,00889349006788,,,,,,,,,,,,,,,,,,,,,,,,,,,,,,,,,,,,,,,,,,,,,,,,,,,,
108,8.89349E+11,283433397,ASUS - CHROMEBOOK,,C100PA-DB01,283433397,889349062166,00889349062166,,,,,,,,,,,,,,,,,,,,,,,,,,,,,,,,,,,,,,,,,,,,,,,,,,,,
109,8.84116E+11,278005302,DELL CHROMEBOOKS,DELL CHROMEBOOKS,3VK89,278005302,884116176527,00884116176527,,,,,,,,,,,,,,,,,,,,,,,,,,,,,,,,,,,,,,,,,,,,,,,,,,,,
111,8.89349E+11,288190708,Asus,,C300MA-DH02-RD,288190708,889349188682,00889349188682,,,,,,,,,,,,,,,,,,,,,,,,,,,,,,,,,,,,,,,,,,,,,,,,,,,,
114,8.89349E+11,288190709,Asus,,C300MA-DH02-LB,288190709,889349188705,00889349188705,,,,,,,,,,,,,,,,,,,,,,,,,,,,,,,,,,,,,,,,,,,,,,,,,,,,
115,8.89895E+11,288293385,HP INC.,,N9E33UA#ABA,288293385,889894510679,00889894510679,,,,,,,,,,,,,,,,,,,,,,,,,,,,,,,,,,,,,,,,,,,,,,,,,,,,
116,8.89349E+11,294763619,,,,,,,,,,,,,,,,,,,,,,,,,,,,,,,,,,,,,,,,,,,,,,,,,,,,,,,,,,
117,8.89801E+11,286066097,Lenovo Americas,,80EW02FKUS,286066097,889800996245,00889800996245,,,,,,,,,,,,,,,,,,,,,,,,,,,,,,,,,,,,,,,,,,,,,,,,,,,,
120,8.86228E+11,262949987,Asus,Asus,C200MA-EDU,262949987,886227736133,00886227736133,,3-cell,11 Hour,,,Yes,No,2,1,16:9,1366 x 768,"11.6""",Intel,HD Graphics,DDR3L SDRAM,Shared,,Chromebook,90NB05M1-M00440,ASUS Computer International,C200MA-EDU,Chromebook C200MA-EDU,C200MA,Asus,2 GB,DDR3L SDRAM, Chromebook C200MA-EDU Lithium Ion Battery AC Adapter ,Yes,RoHS /  ENERGY STAR,Yes,Yes,IEEE 802.11a/b/g/n,2.50 lb,Black,"0.8""","12""","7.9""",No,,2.16 GHz,Celeron,N2830,Dual-core (2 Core),Intel,Chrome OS,32-bit,Chrome OS,1 Year,Yes,,,
124,22265915486,278470021,,,,,,,,,,,,,,,,,,,,,,,,,,,,,,,,,,,,,,,,,,,,,,,,,,,,,,,,,,
125,8.879E+11,275311157,,,,,,,,,,,,,,,,,,,,,,,,,,,,,,,,,,,,,,,,,,,,,,,,,,,,,,,,,,
129,8.89955E+11,292343312,Lenovo,Lenovo,80R90004US,292343312,889955354365,00889955354365,,,,,,,,,,,,,,,,,,,,,,,,,,,,,,,,,,,,,,,,,,,,,,,,,,,,
130,8.89349E+11,286994917,Asus,Asus,TP200SA-DH04T,286994917,889349162880,00889349162880,,,,,Yes,,,3,1,16:9,1366 x 768,"11.6""",Intel,HD Graphics,DDR3L SDRAM,Shared,In-plane Switching (IPS) Technology,Net-tablet PC,TP200SA-DH04T,ASUS Computer International,TP200SA-DH04T,Transformer Book Flip TP200SA-DH04T Net-tablet PC,TP200SA,Asus,4 GB,DDR3L SDRAM, Transformer Book Flip TP200SA-DH04T Net-tablet PC Lithium Polymer Battery AC Adapter ,Yes,ENERGY STAR 4.0 /  ErP /  RoHS,Yes,Yes,IEEE 802.11ac,2.60 lb,Dark Blue,"0.7""","11.7""","7.9""",No,,1.60 GHz,Celeron,N3050,Dual-core (2 Core),Intel,Windows 10,64-bit,Windows,1 Year,,,,64 GB
131,8.89234E+11,277653910,Lenovo,,20EDS00100,277653910,889233743294,00889233743294,,6-cell,6.60 Hour,,,,Yes,2,1,16:9,1366 x 768,"11.6""",Intel,HD Graphics,DDR3L SDRAM,Shared,,Notebook,20EDS00100,Lenovo Group Limited,20EDS00100,ThinkPad 11e (AMD),11e,Lenovo,4 GB,DDR3L SDRAM, ThinkPad 11e (AMD) Lithium Polymer Battery AC Adapter Windows 8.1 Pro License Media ,Yes,EPEAT Silver /  ENERGY STAR 6.1 /  RoHS,Yes,Yes,IEEE 802.11ac,3.30 lb,Graphite Black,"0.9""","11.8""","8.5""",No,,1.80 GHz,A-Series,A4-6210,Quad-core (4 Core),AMD,Windows 7 Professional Upgradable to Windows 8.1 Pro,64-bit,Windows,1 Year,Yes,,,
132,22265863312,270481138,Toshiba,,PLM02U-009008,270481138,022265863312,00022265863312,,,,,,,,,,,,,,,,,,,,,,,,,,,,,,,,,,,,,,,,,,,,,,,,,,,,
133,8.89349E+11,294506728,Asus,Asus,C202SA-YS01,294506728,889349335246,00889349335246,,,,,,,,,,,,,,,,,,,,,,,,,,,,,,,,,,,,,,,,,,,,,,,,,,,,
134,8.879E+11,268363679,,,,,,,,,,,,,,,,,,,,,,,,,,,,,,,,,,,,,,,,,,,,,,,,,,,,,,,,,,
137,8.89894E+11,285905224,,,,,,,,,,,,,,,,,,,,,,,,,,,,,,,,,,,,,,,,,,,,,,,,,,,,,,,,,,
138,8.89899E+11,293655848,HP INC. - CHROMEBOOKS,,V2W30UT#ABA,293655848,889899102695,00889899102695,,,,,,,,,,,,,,,,,,,,,,,,,,,,,,,,,,,,,,,,,,,,,,,,,,,,
139,22265866290,270803110,,,,,,,,,,,,,,,,,,,,,,,,,,,,,,,,,,,,,,,,,,,,,,,,,,,,,,,,,,
140,8.87759E+11,292341967,,,,,,,,,,,,,,,,,,,,,,,,,,,,,,,,,,,,,,,,,,,,,,,,,,,,,,,,,,
142,8.86228E+11,270969788,Asus,Asus,90NB0794-M00280,270969788,886227843930,00886227843930,,,,,,,,,,,,,,,,,,,,,,,,,,,,,,,,,,,,,,,,,,,,,,,,,,,,
145,8.88794E+11,281408624,Hewlett Packard,,K3Y84UA#ABA,281408624,888793695890,00888793695890,,3-cell,,,Yes,Yes,,2,1,16:9,1366 x 768,"11.6""",Intel,HD Graphics,DDR3L SDRAM,Shared,,Notebook,K3Y84UA#ABA,Hewlett-Packard,11-d010wm,Stream 11-d010wm Notebook,11-d000,HP,2 GB,DDR3L SDRAM,Stream 11-d010wm&amp;nbsp;NotebookLithium Ion BatteryAC Adapter,Yes,ENERGY STAR /  EPEAT Silver,Yes,Yes,IEEE 802.11b/g/n,2.80 lb,Blue Horizon,"0.8""","11.8""","8.1""",,,2.16 GHz,Celeron,N2840,Dual-core (2 Core),Intel,Windows 8.1 with Bing,64-bit,Windows,1 Year,Yes,,,32 GB
148,8.21271E+11,288891419,CTL Corp,,NBCNL6B,288891419,821270506746,00821270506746,,,9.50 Hour,,Yes,Yes,,2,1,16:9,1366 x 768,"11.6""",Intel,,DDR3L SDRAM,Shared,,Chromebook,NBCNL6B,CTL,NL6,Education Chromebook NL6 Notebook,,CTL,4 GB,DDR3L SDRAM, Education Chromebook NL6 Notebook Standard Battery AC Adapter ,,,Yes,Yes,IEEE 802.11a/b/g/n/ac,3.04 lb,White,"0.9""","11.8""","8.4""",,16 GB,,,,,Intel,Chrome OS,,Chrome OS,1 Year,Yes,,,
152,8.879E+11,276980493,ACER- CHROME PRODUCTS,,NX.EF2AA.001,276980493,887899773884,00887899773884,,3-cell,,No,,Yes,,2,1,16:9,1366 x 768,"11.6""",Intel,HD Graphics,DDR3L SDRAM,Shared,ComfyView,Chromebook,NX.EF2AA.001,"Acer, Inc",C740-C3P1,C740-C3P1 Notebook,C740,Acer,2 GB,DDR3L SDRAM,C740-C3P1 NotebookLithium Polymer BatteryAC Adapter,,,Yes,Yes,IEEE 802.11a/b/g/n/ac,2.87 lb,,"0.8""","11.3""","8""",No,16 GB,1.50 GHz,Celeron,3205U,Dual-core (2 Core),Intel,Chrome OS,,Chrome OS,,,,,
156,8.86228E+11,285915944,,,,,,,,,,,,,,,,,,,,,,,,,,,,,,,,,,,,,,,,,,,,,,,,,,,,,,,,,,
157,8.86228E+11,255112973,,,,,,,,,,,,,,,,,,,,,,,,,,,,,,,,,,,,,,,,,,,,,,,,,,,,,,,,,,
159,8.89349E+11,288190839,Asus,,C300MA-DH02-YL,288190839,889349188699,00889349188699,,,,,,,,,,,,,,,,,,,,,,,,,,,,,,,,,,,,,,,,,,,,,,,,,,,,
160,8.89661E+11,288361202,,,,,,,,,,,,,,,,,,,,,,,,,,,,,,,,,,,,,,,,,,,,,,,,,,,,,,,,,,
162,1.90152E+11,293391478,Lenovo Americas,,80S60000US,293391478,190151652538,00190151652538,,3-cell,,,Yes,Yes,Yes,3,1,16:9,1366 x 768,"11.6""",Intel,HD Graphics,LPDDR3,Shared,Twisted nematic (TN),Notebook,80S60000US,Lenovo Group Limited,80S60000US,N22 80S60000US Notebook,N22,Lenovo,2 GB,LPDDR3,N22 80S60000US NotebookLithium Polymer BatteryAC Adapter,,,Yes,Yes,IEEE 802.11ac,2.69 lb,Business Black,"8.4""","11.8""","0.9""",,,1.60 GHz,Celeron,N3050,Dual-core (2 Core),Intel,Windows 10 Pro (English),64-bit,Windows,1 Year,Yes,,No,
163,8.879E+11,276980490,ACER- CHROME PRODUCTS,,C740-C4PE,276980490,887899773891,00887899773891,,,,,,,,,,,,,,,,,,,,,,,,,,,,,,,,,,,,,,,,,,,,,,,,,,,,
164,8.88863E+11,292338681,Acer,,ae8242eb983bd5c3,292338681,888863161669,00888863161669,,,,,,,,,,,,,,,,,,,,,,,,,,,,,,,,,,,,,,,,,,,,,,,,,,,,
166,8.879E+11,285914193,,,,,,,,,,,,,,,,,,,,,,,,,,,,,,,,,,,,,,,,,,,,,,,,,,,,,,,,,,
176,8.88864E+11,290556520,ACER- CHROME PRODUCTS,,NX.GC1AA.002,290556520,888863528141,00888863528141,,,,,,,,,,,,,,,,,,,,,,,,,,,,,,,,,,,,,,,,,,,,,,,,,,,,
177,8.879E+11,272446257,Acer,,NX.MPRAA.001,272446257,887899658297,00887899658297,,,,,,,,,,,,,,,,,,,,,,,,,,,,,,,,,,,,,,,,,,,,,,,,,,,,
180,7.87468E+11,292335129,,,,,,,,,,,,,,,,,,,,,,,,,,,,,,,,,,,,,,,,,,,,,,,,,,,,,,,,,,
181,8.84116E+11,278005331,DELL CHROMEBOOKS,DELL CHROMEBOOKS,XDGJH,278005331,884116176541,00884116176541,,,,,,,,,,,,,,,,,,,,,,,,,,,,,,,,,,,,,,,,,,,,,,,,,,,,
182,8.89956E+11,287725640,Lenovo,,20ED001HUS,287725640,889955719119,00889955719119,,,,,,,,,,,,,,,,,,,,,,,,,,,,,,,,,,,,,,,,,,,,,,,,,,,,
185,8.88864E+11,293753950,Acer,,NX.VCHAA.002,293753950,888863591480,00888863591480,,4-cell,12 Hour,No,Yes,Yes,,2,1,16:9,1366 x 768,"11.6""",Intel,HD Graphics,DDR3L SDRAM,Shared,ComfyView,Notebook,NX.VCHAA.002,"Acer, Inc",TMB117-M-C578,TravelMate TMB117-M-C578 Notebook,B117-MP,Acer,2 GB,DDR3L SDRAM,TravelMate TMB117-M-C578 NotebookLithium Ion BatteryAC Adapter,,,Yes,Yes,IEEE 802.11a/b/g/n/ac,3.09 lb,,"0.9""","11.5""","8.3""",No,,1.60 GHz,Celeron,N3050,Dual-core (2 Core),Intel,Windows 10 Pro,64-bit,Windows,,,,,32 GB
187,8.84116E+11,282264035,Dell,,463-6014,282264035,884116193739,00884116193739,,4-cell,,,Yes,,Yes,3,1,16:9,1366 x 768,"14""",Intel,HD Graphics,DDR3L SDRAM,Shared,,Notebook,463-6014,"Dell, Inc",14-3458,Vostro 14-3458 Notebook,14 3000,Dell,4 GB,DDR3L SDRAM, Vostro 14-3458 Notebook Lithium Ion Battery AC Adapter ,,,Yes,Yes,IEEE 802.11ac,4.28 lb,Black,"0.9""","13.6""","9.6""",DVD-Writer,,1.50 GHz,Celeron,3205U,Dual-core (2 Core),Intel,Windows 8.1 (English/French),64-bit,Windows,,Yes,,,
188,8.84116E+11,287496130,Dell Consumer,,i3552-5240BLK,287496130,884116168331,00884116168331,,4-cell,8 Hour,,,Yes,,3,1,16:9,1366 x 768,"15.6""",Intel,HD Graphics,,Shared,TrueLife,Notebook,i3552-5240BLK,"Dell, Inc",15-3552,Inspiron-15-3552 Notebook,15-3000,Dell,4 GB,DDR3L SDRAM, Inspiron-15-3552 Notebook Standard Battery AC Adapter ,Yes,EPEAT Bronze /  ENERGY STAR 6.0,Yes,Yes,IEEE 802.11b/g/n,4.72 lb,Black,"0.9""","15""","10.2""",No,,1.60 GHz,Pentium,N3700,Quad-core (4 Core),Intel,Windows 10 Home (English),64-bit,Windows,,Yes,,No,
190,92281801216,209084669,Panasonic,,CF-VEB522M,209084669,092281801216,00092281801216,,,,,,,Yes,4,,,,,,,,,,Docking Station,CF-VEB522M,Panasonic,CF-VEB522M,Desktop Dock,,Panasonic,,,,,,,,,,,,,,,,,,,,,,,,,,,,
191,8.89895E+11,288647532,HP INC.,,T4M32UT#ABA,288647532,889894582294,00889894582294,,3-cell,8.25 Hour,,Yes,Yes,,3,1,16:9,1366 x 768,"14""",Intel,HD Graphics,DDR3L SDRAM,Shared,,Chromebook,T4M32UT#ABA,HP Inc.,,Chromebook 14 G4 (ENERGY STAR),14 G4,HP,4 GB,DDR3L SDRAM, Chromebook 14 G4 (ENERGY STAR) Lithium Polymer Battery AC Adapter Power Cord ,Yes,EU WEEE /  RoHS /  EPEAT Gold /  ENERGY STAR /  IT Eco Declaration /  WEEE,Yes,Yes,IEEE 802.11a/b/g/n/ac,3.77 lb,,"0.7""","13.5""","9.4""",No,16 GB,2.16 GHz,Celeron,N2840,Dual-core (2 Core),Intel,Chrome OS (English),,Chrome OS,1 Year,Yes,,,
193,22265863282,270481155,Toshiba,,PLM02U-007008,270481155,022265863282,00022265863282,,3-cell,11 Hour,,Yes,Yes,,2,1,16:9,1366 x 768,"13.3""",Intel,HD Graphics,DDR3L SDRAM,Shared,,Chromebook,PLM02U-007008,Toshiba,CB35-B3330,Chromebook 2 CB35-B3330 Notebook,CB35-B,Toshiba,2 GB,DDR3L SDRAM, Chromebook 2 CB35-B3330 Notebook AC Adapter ,Yes,ENERGY STAR /  EPEAT Gold /  RoHS,Yes,Yes,IEEE 802.11ac,2.95 lb,Textured Resin in Silver,"0.8""","12.6""","8.4""",No,16 GB,2.16 GHz,Celeron,N2840,Dual-core (2 Core),Intel,Chrome OS,64-bit,Chrome OS,1 Year,Yes,,,
195,8.84116E+11,292334591,Dell Computers,,i3452-5600BLK,292334591,884116168027,00884116168027,,,,,,,,,,,,,,,,,,,,,,,,,,,,,,,,,,,,,,,,,,,,,,,,,,,,
199,8.86228E+11,271838118,Asus,Asus,T100TA-C1-GR-B,271838118,886227919604,00886227919604,,,,,Yes,,,1,1,16:9,1366 x 768,"10.1""",Intel,HD Graphics,DDR3 SDRAM,Shared,In-plane Switching (IPS) Technology,Net-tablet PC,T100TA-C1-GR-B,ASUS Computer International,T100TA-C1-GR-B,Transformer Book T100TA-C1-GR-B Net-tablet PC,T100TA,Asus,2 GB,DDR3 SDRAM,Transformer Book T100TA-C1-GR-B Net-tablet PCAC AdapterKeyboard DockUser E-ManualWarranty Card,Yes,RoHS /  ENERGY STAR 4.0 /  ErP,Yes,Yes,IEEE 802.11 a/g/n,2.40 lb,Gray,"0.9""","10.4""","6.7""",No,64 GB,1.33 GHz,Atom,Z3740,Quad-core (4 Core),Intel,Windows 8.1 with Bing,64-bit,Windows,1 Year,,,,
202,8.84116E+11,283405383,,,,,,,,,,,,,,,,,,,,,,,,,,,,,,,,,,,,,,,,,,,,,,,,,,,,,,,,,,
203,8.86228E+11,277228162,Asus,Asus,90NB06I4-M00290,277228162,886227981021,00886227981021,,,,,Yes,,Yes,2,1,16:9,1366 x 768,"11.6""",Intel,HD Graphics,LPDDR3,Shared,In-plane Switching (IPS) Technology,Net-tablet PC,90NB06I4-M00290,ASUS Computer International,T200TA-B1-BL,Transformer Book T200TA-B1-BL Net-tablet PC,T200TA,Asus,2 GB,LPDDR3, Transformer Book T200TA-B1-BL Net-tablet PC AC Adapter Keyboard Dock User E-Manual Warranty Card ,Yes,RoHS /  ErP /  ENERGY STAR 4.0,Yes,Yes,IEEE 802.11 a/g/n,3.60 lb,Dark Blue,"1""","12""","7.9""",No,32 GB,1.46 GHz,Atom,Z3775,Quad-core (4 Core),Intel,Windows 8.1,32-bit,Windows,1 Year,,,,
206,8.879E+11,276113813,,,,,,,,,,,,,,,,,,,,,,,,,,,,,,,,,,,,,,,,,,,,,,,,,,,,,,,,,,
207,8.89349E+11,292333645,ASUS Computers,,E402MA-EH01-BL,292333645,889349200599,00889349200599,,,,,,,,,,,,,,,,,,,,,,,,,,,,,,,,,,,,,,,,,,,,,,,,,,,,
209,1.90152E+11,293391425,Lenovo,Lenovo,80S60001US,293391425,190151652521,00190151652521,,3-cell,,,Yes,Yes,Yes,3,1,16:9,1366 x 768,"11.6""",Intel,HD Graphics,LPDDR3,Shared,Twisted nematic (TN),Notebook,80S60001US,Lenovo Group Limited,80S60001US,N22 80S60001US Notebook,N22,Lenovo,4 GB,LPDDR3,N22 80S60001US NotebookLithium Polymer BatteryAC Adapter,,,Yes,Yes,IEEE 802.11ac,2.69 lb,Business Black,"8.4""","11.8""","0.9""",,,1.60 GHz,Celeron,N3050,Dual-core (2 Core),Intel,Windows 10 Pro (English),64-bit,Windows,1 Year,Yes,,No,32 GB
210,1.90152E+11,293391424,Lenovo,Lenovo,80S60005US,293391424,190151668898,00190151668898,,3-cell,,,Yes,Yes,Yes,3,1,16:9,1366 x 768,"11.6""",Intel,HD Graphics,LPDDR3,Shared,Twisted nematic (TN),Notebook,80S60005US,Lenovo Group Limited,80S60005US,N22 80S60005US Notebook,N22,Lenovo,4 GB,LPDDR3,N22 80S60005US NotebookLithium Polymer BatteryAC Adapter,,,Yes,Yes,IEEE 802.11ac,2.69 lb,Business Black,"8.4""","11.8""","0.9""",,,1.60 GHz,Celeron,N3050,Dual-core (2 Core),Intel,Windows 10 Pro (English),64-bit,Windows,1 Year,Yes,,No,
211,8.88794E+11,283162806,,,,,,,,,,,,,,,,,,,,,,,,,,,,,,,,,,,,,,,,,,,,,,,,,,,,,,,,,,
212,8.89661E+11,284120127,,,,,,,,,,,,,,,,,,,,,,,,,,,,,,,,,,,,,,,,,,,,,,,,,,,,,,,,,,
213,8.88863E+11,293832257,,,,,,,,,,,,,,,,,,,,,,,,,,,,,,,,,,,,,,,,,,,,,,,,,,,,,,,,,,
214,8.88794E+11,270955495,,,,,,,,,,,,,,,,,,,,,,,,,,,,,,,,,,,,,,,,,,,,,,,,,,,,,,,,,,
217,8.89894E+11,285643467,HP INC. - CONSUMER ENTRY,,M2C39UA#ABA,285643467,889894356109,00889894356109,,,,,,,,,,,,"14""",,,,,,Notebook,M2C39UA#ABA,HP Inc.,14-af110nr,14-af110nr Notebook,14-af100,HP,2 GB,, 14-af110nr Notebook    Standard Battery AC Adapter ,Yes,EPEAT Silver,,Yes,,,,,,,,,1.40 GHz,E-Series,E1-6015,Dual-core (2 Core),AMD,,,,,,,,
220,8.88773E+11,265353334,,,,,,,,,,,,,,,,,,,,,,,,,,,,,,,,,,,,,,,,,,,,,,,,,,,,,,,,,,
223,8.86228E+11,270607134,ASUS - CHROMEBOOK,,C200MA-EDU2,270607134,886227895540,00886227895540,,3-cell,10 Hour,,,Yes,,2,1,16:9,1366 x 768,"11.6""",Intel,HD Graphics,DDR3L SDRAM,Shared,,Chromebook,90NB05M1-M01040,ASUS Computer International,C200MA-EDU2,Chromebook C200MA-EDU2 Notebook,C200MA,Asus,4 GB,DDR3L SDRAM, Chromebook C200MA-EDU2 Notebook Lithium Polymer Battery AC Adapter User E-Manual Warranty Card ,Yes,RoHS /  ENERGY STAR 4.0,Yes,Yes,IEEE 802.11ac,2.50 lb,Black,"0.8""","12""","7.9""",No,,2.16 GHz,Celeron,N2830,Dual-core (2 Core),Intel,Chrome OS,,Chrome OS,1 Year,Yes,,No,
226,8.86228E+11,292336478,,,,,,,,,,,,,,,,,,,,,,,,,,,,,,,,,,,,,,,,,,,,,,,,,,,,,,,,,,
230,8.86228E+11,265035733,,,,,,,,,,,,,,,,,,,,,,,,,,,,,,,,,,,,,,,,,,,,,,,,,,,,,,,,,,
232,8.88794E+11,289337092,,,,,,,,,,,,,,,,,,,,,,,,,,,,,,,,,,,,,,,,,,,,,,,,,,,,,,,,,,
234,8.89234E+11,283671533,,,,,,,,,,,,,,,,,,,,,,,,,,,,,,,,,,,,,,,,,,,,,,,,,,,,,,,,,,
235,8.89561E+11,277569950,Lenovo,,59442503,277569950,889561053492,00889561053492,,,5 Hour,,,Yes,Yes,3,2,16:9,1366 x 768,"15.6""",AMD,Radeon R2 Graphics,DDR3L SDRAM,Shared,,Notebook,59442503,Lenovo Group Limited,,B50-45 Notebook,B50-45,Lenovo,4 GB,DDR3L SDRAM,B50-45 NotebookStandard BatteryAC Adapter,,,Yes,Yes,IEEE 802.11n,6.40 lb,,"1""","15""","10.3""",,,1.35 GHz,E-Series,E1-6010,Dual-core (2 Core),AMD,Windows 7 Professional,64-bit,Windows,1 Year,Yes,,,
236,8.86228E+11,282972402,,,,,,,,,,,,,,,,,,,,,,,,,,,,,,,,,,,,,,,,,,,,,,,,,,,,,,,,,,
237,8.88863E+11,296821883,Acer,,NX.SHNAA.001,296821883,888863470310,00888863470310,,2-cell,,No,Yes,Yes,,2,1,16:9,1366 x 768,"11.6""",Intel,HD Graphics,DDR3L SDRAM,Shared,ComfyView,Notebook,NX.SHNAA.001,"Acer, Inc",AO1-131-C620,Aspire One Cloudbook 11 AO1-131-C620 Notebook,1-131,Acer,2 GB,DDR3L SDRAM,Aspire One Cloudbook 11 AO1-131-C620 NotebookLithium Polymer BatteryAC Adapter,,,Yes,Yes,IEEE 802.11ac,2.54 lb,,"0.7""","11.5""","8""",No,,1.60 GHz,Celeron,N3050,Dual-core (2 Core),Intel,Windows 10 Home,64-bit,Windows,,,,,32 GB
238,8.89894E+11,284133198,Hewlett Packard,,P0B79UT#ABA,284133198,889894141941,00889894141941,,,,,,,,,,,,,,,,,,,,,,,,,,,,,,,,,,,,,,,,,,,,,,,,,,,,
239,8.86228E+11,291849787,,,,,,,,,,,,,,,,,,,,,,,,,,,,,,,,,,,,,,,,,,,,,,,,,,,,,,,,,,
244,8.88864E+11,294143986,Acer,,NX.SHJAA.001,294143986,888863519927,00888863519927,,3-cell,12 Hour,No,Yes,Yes,,2,1,16:9,1366 x 768,"14""",Intel,HD Graphics,DDR3L SDRAM,Shared,ComfyView,Notebook,NX.SHJAA.001,"Acer, Inc",AO1-431M-C1XD,Aspire One Cloudbook 14 AO1-431M-C1XD Notebook,1-431M,Acer,2 GB,DDR3L SDRAM,Aspire One Cloudbook 14 AO1-431M-C1XD NotebookLithium Polymer BatteryAC Adapter,,,Yes,Yes,IEEE 802.11ac,3.53 lb,,"0.7""","13.4""","9.2""",No,,1.60 GHz,Celeron,N3050,Dual-core (2 Core),Intel,Windows 10 Pro,64-bit,Windows,,,,,32 GB
247,8.88863E+11,291142153,Acer,,NX.SHGAA.003,291142153,841631103032,00841631103032,,3-cell,12 Hour,No,Yes,Yes,,2,1,16:9,1366 x 768,"14""",Intel,HD Graphics,DDR3L SDRAM,Shared,ComfyView,Notebook,NX.SHGAA.003,"Acer, Inc",AO1-431-C7F9,Aspire One Cloudbook 14 AO1-431-C7F9 Notebook,1-431,Acer,2 GB,DDR3L SDRAM,Aspire One Cloudbook 14 AO1-431-C7F9 NotebookLithium Polymer BatteryAC Adapter,,,Yes,Yes,IEEE 802.11ac,3.53 lb,Mineral Gray,"0.7""","13.4""","9.2""",No,,1.60 GHz,Celeron,N3050,Dual-core (2 Core),Intel,Windows 10 Home,64-bit,Windows,1 Year,,,,64 GB
249,8.89894E+11,293745026,,,,,,,,,,,,,,,,,,,,,,,,,,,,,,,,,,,,,,,,,,,,,,,,,,,,,,,,,,
251,8.89234E+11,292336314,,,,,,,,,,,,,,,,,,,,,,,,,,,,,,,,,,,,,,,,,,,,,,,,,,,,,,,,,,
254,8.86228E+11,276487222,Asus,Asus,D550MAV-DB01(S),276487222,886227941285,00886227941285,,3-cell,4 Hour,,,Yes,Yes,2,1,16:9,1366 x 768,"15.6""",Intel,HD Graphics,DDR3 SDRAM,Shared,,Notebook,D550MAV-DB01(S),ASUS Computer International,D550MAV-DB01(S),D550MAV-DB01(S) Notebook,D550MAV,Asus,4 GB,DDR3 SDRAM, D550MAV-DB01(S) Notebook AC Adapter User E-Manual Warranty Card ,Yes,RoHS /  ENERGY STAR 4.0,No,Yes,IEEE 802.11b/g/n,4.70 lb,Black,"1.2""","15""","9.9""",DVD-Writer,,2.16 GHz,Celeron,N2840,Dual-core (2 Core),Intel,Windows 8.1,64-bit,Windows,1 Year,Yes,,No,
258,8.88863E+11,292340740,,,,,,,,,,,,,,,,,,,,,,,,,,,,,,,,,,,,,,,,,,,,,,,,,,,,,,,,,,
261,8.88794E+11,271886097,HP INC. - CONSUMER ENTRY,,K2L95UA#ABA,271886097,888793820858,00888793820858,,3-cell,8.25 Hour,,,Yes,No,2,1,16:9,1366 x 768,"11.6""",Intel,HD Graphics,,Shared,,Notebook,K2L95UA#ABA,HP Inc.,11-d010nr,Stream Notebook - 11-d010nr (ENERGY STAR),11-d000,HP,2 GB,DDR3 SDRAM,Stream Notebook - 11-d010nr (ENERGY STAR)Lithium Polymer BatteryAC Adapter,Yes,ENERGY STAR /  EPEAT Silver,Yes,Yes,IEEE 802.11b/g/n,2.82 lb,Blue Horizon /  Blue Gradient,"0.8""","11.8""","8.1""",No,,2.16 GHz,Celeron,N2840,Dual-core (2 Core),Intel,Windows 8.1 with Bing,64-bit,Windows,1 Year,Yes,,No,
262,8.86228E+11,294490206,,,,,,,,,,,,,,,,,,,,,,,,,,,,,,,,,,,,,,,,,,,,,,,,,,,,,,,,,,
263,8.88794E+11,272210158,HP CONSUMER PRODUCTS,,J9M94UA#ABA,272210158,888793798324,00888793798324,,3-cell,8 Hour,,,Yes,,3,1,16:9,1600 x 900,"14""",NVIDIA,,,,,Chromebook,J9M94UA#ABA,HP Inc.,14-x040nr,Chromebook - 14-x040nr (ENERGY STAR),14-x000,HP,2 GB,DDR3L SDRAM,Chromebook - 14-x040nr (ENERGY STAR)Lithium Polymer BatteryAC Adapter,Yes,ENERGY STAR /  EPEAT Silver,Yes,Yes,IEEE 802.11ac,3.75 lb,Snow White /  Neon Green,"0.7""","13.5""","9.4""",,,2.30 GHz,Tegra K1,,Quad-core (4 Core),NVIDIA,Chrome OS,32-bit,Chrome OS,1 Year,Yes,,,
264,8.89297E+11,292332823,,,,,,,,,,,,,,,,,,,,,,,,,,,,,,,,,,,,,,,,,,,,,,,,,,,,,,,,,,
266,8.89894E+11,293559289,,,,,,,,,,,,,,,,,,,,,,,,,,,,,,,,,,,,,,,,,,,,,,,,,,,,,,,,,,
267,8.86228E+11,268946186,Asus,,T100TA-C1-GR(S),268946186,886227764945,00886227764945,,,,,Yes,,,1,1,16:9,1366 x 768,"10.1""",Intel,HD Graphics,DDR3 SDRAM,Shared,In-plane Switching (IPS) Technology,Net-tablet PC,T100TA-C1-GR(S),ASUS Computer International,T100TA-C1-GR(S),Transformer Book T100TA-C1-GR(S) Net-tablet PC,T100TA,Asus,2 GB,DDR3 SDRAM,Transformer Book T100TA-C1-GR(S) Net-tablet PCAC AdapterKeyboard DockUser ManualWarranty Card,Yes,RoHS /  ENERGY STAR 4.0 /  ErP,Yes,Yes,IEEE 802.11 a/g/n,2.40 lb,Gray,"0.9""","10.4""","6.7""",No,64 GB,1.46 GHz,Atom,Z3775,Quad-core (4 Core),Intel,Windows 8.1,,Windows,1 Year,,,,
269,8.86228E+11,292336472,Asus,Asus,T100TA-DH11T-CA,292336472,886227828067,00886227828067,,2-cell,11 Hour,,Yes,,,1,1,16:9,1366 x 768,"10.1""",Intel,HD Graphics,DDR3 SDRAM,Shared,In-plane Switching (IPS) Technology,2 in 1 Netbook,T100TA-DH11T-CA,ASUS Computer International,T100TA-DH11T-CA,Transformer Book T100TA-DH11T-CA 2 in 1 Netbook,T100TA,Asus,2 GB,DDR3 SDRAM,Transformer Book T100TA-DH11T-CA 2 in 1 NetbookLithium Polymer BatteryAC AdapterKeyboard Dock,Yes,RoHS /  ENERGY STAR /  ErP,Yes,Yes,IEEE 802.11 a/g/n,2.30 lb,Gray,"0.9""","10.3""","6.7""",No,,1.33 GHz,Atom,Z3740,Quad-core (4 Core),Intel,Windows 8.1,32-bit,Windows,1 Year,Yes,Yes,Yes,32 GB
272,8.86228E+11,259910289,,,,,,,,,,,,,,,,,,,,,,,,,,,,,,,,,,,,,,,,,,,,,,,,,,,,,,,,,,
273,8.86228E+11,285916247,,,,,,,,,,,,,,,,,,,,,,,,,,,,,,,,,,,,,,,,,,,,,,,,,,,,,,,,,,
274,8.89895E+11,288372471,Hewlett Packard,,T4M35UT#ABA,288372471,889894582904,00889894582904,,3-cell,4.50 Hour,,,Yes,Yes,3,1,16:9,1366 x 768,"15.6""",AMD,Radeon R2,DDR3L SDRAM,Shared,,Notebook,T4M35UT#ABA,HP Inc.,,255 G4 Notebook PC (ENERGY STAR),255 G4,HP,4 GB,DDR3L SDRAM,255 G4 Notebook PC (ENERGY STAR)Lithium Polymer BatteryAC Adapter,Yes,ENERGY STAR,Yes,Yes,IEEE 802.11b/g/n,4.63 lb,,"1""","15.1""","10""",DVD-Writer,,1.40 GHz,E-Series,E1-6015,Dual-core (2 Core),AMD,Windows 10 Home,64-bit,Windows,1 Year,,,,
275,8.89894E+11,284575841,,,,,,,,,,,,,,,,,,,,,,,,,,,,,,,,,,,,,,,,,,,,,,,,,,,,,,,,,,
276,8.84116E+11,292620295,,,,,,,,,,,,,,,,,,,,,,,,,,,,,,,,,,,,,,,,,,,,,,,,,,,,,,,,,,
277,8.88863E+11,293832264,Acer,,NX.SHGAA.001,293832264,841631102943,00841631102943,,3-cell,12 Hour,No,Yes,Yes,,2,1,16:9,1366 x 768,"14""",Intel,HD Graphics,DDR3L SDRAM,Shared,ComfyView,Notebook,NX.SHGAA.001,"Acer, Inc",AO1-431-C8G8,Aspire One Cloudbook 11 AO1-431-C8G8 Notebook,1-431,Acer,2 GB,DDR3L SDRAM,Aspire One Cloudbook 11 AO1-431-C8G8 NotebookLithium Polymer BatteryAC Adapter,,,Yes,Yes,IEEE 802.11ac,3.53 lb,Mineral Gray,"0.7""","13.4""","9.2""",No,,1.60 GHz,Celeron,N3050,Dual-core (2 Core),Intel,Windows 10 Home,64-bit,Windows,1 Year,,,,32 GB
279,8.88863E+11,280917167,ACER- CHROME PRODUCTS,,NX.G14AA.001,280917167,888863142774,00888863142774,,,,,,,,,,,,,,,,,,,,,,,,,,,,,,,,,,,,,,,,,,,,,,,,,,,,
280,8.89349E+11,280934875,,,,,,,,,,,,,,,,,,,,,,,,,,,,,,,,,,,,,,,,,,,,,,,,,,,,,,,,,,
281,8.89297E+11,282211192,HP INC. - CONSUMER PRODUCTS,,M4C63UA#ABA,282211192,889296621539,00889296621539,,,,,,,,,,,,,,,,,,,,,,,,,,,,,,,,,,,,,,,,,,,,,,,,,,,,
284,8.89349E+11,294506727,Asus,Asus,C202SA-YS02,294506727,889349335253,00889349335253,,,,,,,,,,,,,,,,,,,,,,,,,,,,,,,,,,,,,,,,,,,,,,,,,,,,
285,8.88864E+11,293753903,Acer,,NX.VCHAA.001,293753903,888863591473,00888863591473,,4-cell,12 Hour,No,Yes,Yes,,2,1,16:9,1366 x 768,"11.6""",Intel,HD Graphics,DDR3L SDRAM,Shared,ComfyView,Notebook,NX.VCHAA.001,"Acer, Inc",TMB117-M-C0DK,TravelMate TMB117-M-C0DK Notebook,B117-MP,Acer,4 GB,DDR3L SDRAM,TravelMate TMB117-M-C0DK NotebookLithium Ion BatteryAC Adapter,,,Yes,Yes,IEEE 802.11a/b/g/n/ac,3.09 lb,,"0.9""","11.5""","8.3""",No,,1.60 GHz,Celeron,N3050,Dual-core (2 Core),Intel,Windows 10 Pro,64-bit,Windows,,,,,32 GB
287,8.86228E+11,271381869,,,,,,,,,,,,,,,,,,,,,,,,,,,,,,,,,,,,,,,,,,,,,,,,,,,,,,,,,,
288,8.12177E+11,277578759,,,,,,,,,,,,,,,,,,,,,,,,,,,,,,,,,,,,,,,,,,,,,,,,,,,,,,,,,,
289,7.95962E+11,292335033,,,,,,,,,,,,,,,,,,,,,,,,,,,,,,,,,,,,,,,,,,,,,,,,,,,,,,,,,,
293,8.88863E+11,287010761,Acer,,DT.VMFAA.001,287010761,888863366804,00888863366804,,,,,,Yes,,5,4,,,No,,,,,,Nettop Computer,DT.VMFAA.001,"Acer, Inc",,Veriton N2510G Nettop Computer,N2510G,Acer,4 GB,DDR3L SDRAM,Veriton N2510G Nettop ComputerUSB KeyboardUSB Mouse,Yes,RoHS,Yes,Yes,,6 lb,,"1.3""","7.6""","8""",No,,1.60 GHz,Celeron,N3050,,Intel,FreeDOS,,DOS,,,,,
294,8.879E+11,267481625,,,,,,,,,,,,,,,,,,,,,,,,,,,,,,,,,,,,,,,,,,,,,,,,,,,,,,,,,,
295,6.62725E+11,229198842,Wyse,,909700-01L,229198842,662724908002,00662724908002,,,8 Hour,,Yes,,Yes,3,2,16:9,1366 x 768,"14""",AMD,Radeon HD 6310,DDR3 SDRAM,Shared,,Notebook,909700-01L,"Dell, Inc",X50m,X50m Notebook,X,Wyse,2 GB,DDR3 SDRAM,X50m NotebookStandard BatteryAC Adapter,Yes,RoHS /  WEEE /  ENERGY STAR,,,IEEE 802.11n,3.80 lb,,"1.4""","13.5""","9.4""",,,1.60 GHz,,T56N,Dual-core (2 Core),AMD,Enhanced SUSE Linux Enterprise,,,1 Year,,,,2 GB
302,8.89895E+11,294355999,Hewlett Packard,,P4C66UA#ABA,294355999,889894928450,00889894928450,,,,,,,,,,,,,,,,,,,,,,,,,,,,,,,,,,,,,,,,,,,,,,,,,,,,
303,8.88863E+11,290660117,Acer,,NT.MX3AA.008,290660117,888863492565,00888863492565,,2-cell,,No,Yes,,,,,16:10,1280 x 800,"10.1""",Intel,HD Graphics,DDR3L SDRAM,Shared,In-plane Switching (IPS) Technology,2 in 1 Netbook,NT.MX3AA.008,"Acer, Inc",SW3-013-185Z,Aspire SW3-013-185Z 2 in 1 Netbook,SW3-013,Acer,2 GB,DDR3L SDRAM,Aspire SW3-013-185Z 2 in 1 NetbookLithium Polymer BatteryAC Adapter Keyboard Dock,,,Yes,Yes,IEEE 802.11a/b/g/n,2.65 lb,,"0.9""","10.3""","7.1""",No,,1.33 GHz,Atom,Z3735F,Quad-core (4 Core),Intel,Windows 10 Home,32-bit,Windows,,Yes,Yes,Yes,
305,8.89899E+11,293655838,HP INC. - CHROMEBOOKS,,V2W29UT#ABA,293655838,889899102572,00889899102572,,,,,,,,,,,,,,,,,,,,,,,,,,,,,,,,,,,,,,,,,,,,,,,,,,,,
306,8.87899E+11,260245288,Acer,Acer,NX.MJAAA.004,260245288,887899441127,00887899441127,,3-cell,7.50 Hour,No,,Yes,,2,,16:9,1366 x 768,"11.6""",Intel,HD Graphics,,Shared,,Notebook,NX.MJAAA.004,"Acer, Inc",C720P-29554G01aii,C720P-29554G01aii Notebook,C720P,Acer,4 GB,DDR3L SDRAM, C720P-29554G01aii Notebook Lithium Polymer Battery AC Adapter ,,,Yes,Yes,IEEE 802.11a/b/g/n,2.98 lb,,"0.8""","11.3""","8""",No,16 GB,1.40 GHz,Celeron,2955U,Dual-core (2 Core),Intel,Chrome OS,,,,,,Yes,
308,8.86228E+11,268762778,,,,,,,,,,,,,,,,,,,,,,,,,,,,,,,,,,,,,,,,,,,,,,,,,,,,,,,,,,
309,8.84116E+11,265607807,Dell,,i3541-2001BLK,265607807,884116146506,00884116146506,,4-cell,6.50 Hour,,Yes,Yes,Yes,3,1,16:9,1366 x 768,"15.6""",AMD,Radeon R4 Graphics,DDR3L SDRAM,Shared,TrueLife,Notebook,i3541-2001BLK,"Dell, Inc",15-3541,Inspiron 15-3541 Notebook,15 3000,Dell,4 GB,DDR3L SDRAM,Inspiron 15-3541 NotebookLithium Ion BatteryAC Adapter,Yes,EPEAT Silver,Yes,Yes,IEEE 802.11b/g/n,5.26 lb,Black,"1""","15""","10.5""",DVD-Writer,,1.80 GHz,A-Series,A6-6310,Quad-core (4 Core),AMD,Windows 8.1 with SP1 (English),64-bit,Windows,1 Year,Yes,,No,
310,8.89894E+11,292333709,Hewlett Packard,,N5Y04UA,292333709,889894330550,00889894330550,,,,,,,,,,,,,,,,,,,,,,,,,,,,,,,,,,,,,,,,,,,,,,,,,,,,
311,8.88794E+11,291465200,,,,,,,,,,,,,,,,,,,,,,,,,,,,,,,,,,,,,,,,,,,,,,,,,,,,,,,,,,
312,8.88182E+11,269337587,,,,,,,,,,,,,,,,,,,,,,,,,,,,,,,,,,,,,,,,,,,,,,,,,,,,,,,,,,
313,8.88863E+11,284118218,,,,,,,,,,,,,,,,,,,,,,,,,,,,,,,,,,,,,,,,,,,,,,,,,,,,,,,,,,
315,8.89349E+11,295819919,Asus,Asus,X540LA-SI30205P,295819919,889349290477,00889349290477,,,,,,,,,,,,,,,,,,,,,,,,,,,,,,,,,,,,,,,,,,,,,,,,,,,,
318,22265803295,292338476,,,,,,,,,,,,,,,,,,,,,,,,,,,,,,,,,,,,,,,,,,,,,,,,,,,,,,,,,,
319,8.879E+11,264816820,,,,,,,,,,,,,,,,,,,,,,,,,,,,,,,,,,,,,,,,,,,,,,,,,,,,,,,,,,
320,8.86228E+11,285927349,Asus,Asus,X551CA-RI3N15,285927349,886227654123,00886227654123,,,,,,,,,,,,,,,,,,,,,,,,,,,,,,,,,,,,,,,,,,,,,,,,,,,,
322,8.88182E+11,255960723,HP CONSUMER PRODUCTS,,F0G99UA#ABA,255960723,888182131381,00888182131381,,,,,,,Yes,,,16:9,1366 x 768,"14""",,,,,,Chromebook,F0G99UA#ABA,HP Inc.,14-q010nr,Pavilion Chromebook 14-q010nr Notebook,14-q000,HP,2 GB,,Pavilion Chromebook 14-q010nr NotebookLithium Ion BatteryAC Adapter,Yes,RoHS,,Yes,IEEE 802.11n,,Snow White,,"13.7""",,,16 GB,1.40 GHz,Celeron,2955U,Dual-core (2 Core),Intel,Chrome OS,32-bit,Chrome OS,,,,,
328,8.89894E+11,287645041,Hewlett Packard,,N8J81UA#ABA,287645041,889894470973,00889894470973,,3-cell,,,,,,,,16:9,1366 x 768,"14""",Intel,HD Graphics,,Shared,,Chromebook,N8J81UA#ABA,HP Inc.,14-ak010nr,Chromebook 14-ak010nr Chromebook,14-ak000,HP,2 GB,, Chromebook 14-ak010nr Chromebook Standard Battery AC Adapter ,,,Yes,Yes,IEEE 802.11ac,,Ano Silver /  Snow White /  Turbo Silver,,,,,16 GB,2.16 GHz,Celeron,N2840,Dual-core (2 Core),Intel,Chrome OS,,Chrome OS,,,,No,
332,8.89296E+11,292334121,Hewlett Packard,,K7W76UA,292334121,889296076810,00889296076810,,,,,,,,,,,,,,,,,,,,,,,,,,,,,,,,,,,,,,,,,,,,,,,,,,,,
334,8.89296E+11,292333869,,,,,,,,,,,,,,,,,,,,,,,,,,,,,,,,,,,,,,,,,,,,,,,,,,,,,,,,,,
336,8.13567E+11,281396367,Gigabyte Technology,,GB-BXI3-5010,281396367,813567020219,00813567020219,,,,,,Yes,,4,4,,,,Intel,HD Graphics 5500,DDR3L SDRAM,Shared,,Desktop Computer,GB-BXI3-5010,"GIGABYTE Technology, Inc",GB-BXI3-5010,BRIX GB-BXI3-5010 Desktop Computer,,Gigabyte,No,DDR3L SDRAM,,,,Yes,Yes,,2.89 lb,,"4.8""","4.2""","4.5""",,,2.10 GHz,Core i3,i3-5010U,,Intel,,,,,,,,
344,8.86228E+11,271382043,,,,,,,,,,,,,,,,,,,,,,,,,,,,,,,,,,,,,,,,,,,,,,,,,,,,,,,,,,
345,8.87899E+11,261081849,Acer,,UM.HH6AA.001,261081849,887899271236,00887899271236,,,,,,Yes,,,,16:9,,"27""",,,,,,LCD Monitor,UM.HH6AA.001,"Acer, Inc",H276HL,H276HL Widescreen LCD Monitor,H,Acer,,,H276HL Widescreen LCD Monitor1 x DVI Cable1 x HDMI Cable1 x VGA CablePower Cord,Yes,MPR II /  ENERGY STAR,,,,16 lb,Black,"5.2""",,,,,,,,,,,,,,,,,
351,8.89349E+11,283842922,ASUS - CHROMEBOOK,,C100PA-DB02,283842922,889349109946,00889349109946,,,,,Yes,,,2,,16:10,1280 x 800,"10.1""",ARM,Mali-T764,,,In-plane Switching (IPS) Technology,Net-tablet PC,C100PA-DB02,ASUS Computer International,C100PA-DB02,Chromebook Flip C100PA-DB02 Net-tablet PC,C100PA,Asus,4 GB,LPDDR3, Chromebook Flip C100PA-DB02 Net-tablet PC Lithium Polymer Battery AC Adapter User E-Manual Warranty Card ,Yes,RoHS,Yes,Yes,IEEE 802.11ac,2 lb,Silver,"0.6""","10.4""","7.2""",No,,1.80 GHz,Cortex A17,RK3288,Quad-core (4 Core),Rockchip,Chrome OS,,Chrome OS,1 Year,,,,16 GB
354,8.89028E+11,294505900,,,,,,,,,,,,,,,,,,,,,,,,,,,,,,,,,,,,,,,,,,,,,,,,,,,,,,,,,,
356,22265962862,279342970,,,,,,,,,,,,,,,,,,,,,,,,,,,,,,,,,,,,,,,,,,,,,,,,,,,,,,,,,,
357,8.86228E+11,261157636,,,,,,,,,,,,,,,,,,,,,,,,,,,,,,,,,,,,,,,,,,,,,,,,,,,,,,,,,,
358,22265593561,285914901,,,,,,,,,,,,,,,,,,,,,,,,,,,,,,,,,,,,,,,,,,,,,,,,,,,,,,,,,,
359,8.89234E+11,295866922,,,,,,,,,,,,,,,,,,,,,,,,,,,,,,,,,,,,,,,,,,,,,,,,,,,,,,,,,,
360,8.89894E+11,285532892,Hewlett Packard,,P1A93UA#ABA,285532892,889894178107,00889894178107,,3-cell,,,,,,,,16:9,1366 x 768,"15.6""",AMD,Radeon R4 Graphics,,Shared,,Notebook,P1A93UA#ABA,HP Inc.,15-af175nr,Notebook - 15-af175nr (TOUCH) (ENERGY STAR),15-af100,HP,4 GB,, Notebook - 15-af175nr (TOUCH) (ENERGY STAR) Standard Battery AC Adapter ,Yes,ENERGY STAR,Yes,Yes,IEEE 802.11b/g/n,,White Silver /  Flyer Red,,,,DVD-Writer,,1.80 GHz,A-Series,A6-6310,Quad-core (4 Core),AMD,Windows 10,,Windows,,,,Yes,
362,8.86228E+11,260026933,Asus,Asus,D550MA-DS01,260026933,886227660605,00886227660605,,3-cell,4 Hour,,,Yes,Yes,2,1,16:9,1366 x 768,"15.6""",Intel,HD Graphics,DDR3 SDRAM,Shared,,Notebook,90NB0481-M01490,ASUS Computer International,D550MA-DS01,D550MA-DS01 Notebook,D550MA,Asus,4 GB,DDR3 SDRAM, D550MA-DS01 Notebook AC Adapter User Manual Warranty Card ,Yes,RoHS /  ENERGY STAR 4.0 /  EPEAT,No,Yes,IEEE 802.11b/g/n,4.70 lb,Black,"1.2""","15""","9.9""",DVD-Writer,,1.86 GHz,Celeron,N2815,Dual-core (2 Core),Intel,Windows 8,64-bit,Windows,1 Year,Yes,,No,
364,8.84116E+11,267421691,,,,,,,,,,,,,,,,,,,,,,,,,,,,,,,,,,,,,,,,,,,,,,,,,,,,,,,,,,
368,8.88794E+11,292332801,Hewlett Packard,,J9M24UA,292332801,888793574317,00888793574317,,,,,,,,,,,,,,,,,,,,,,,,,,,,,,,,,,,,,,,,,,,,,,,,,,,,
372,8.879E+11,270480585,Acer,,NX.MQVAA.001,270480585,887899655227,00887899655227,,4-cell,,No,Yes,Yes,Yes,3,1,16:9,1366 x 768,"11.6""",Intel,HD Graphics,DDR3 SDRAM,Shared,ComfyView,Notebook,NX.MQVAA.001,"Acer, Inc",E3-111-C1XL,Aspire E3-111-C1XL Notebook,E3-111,Acer,4 GB,DDR3L SDRAM,Aspire E3-111-C1XL NotebookLithium Ion BatteryAC Adapter,,,Yes,Yes,IEEE 802.11a/b/g/n,3.06 lb,Silver,"0.8""","11.5""","8.3""",No,,1.83 GHz,Celeron,N2940,Quad-core (4 Core),Intel,Windows 7 Home Premium,64-bit,Windows,,,,,
374,6.80474E+11,278629564,,,,,,,,,,,,,,,,,,,,,,,,,,,,,,,,,,,,,,,,,,,,,,,,,,,,,,,,,,
376,8.88863E+11,292337586,,,,,,,,,,,,,,,,,,,,,,,,,,,,,,,,,,,,,,,,,,,,,,,,,,,,,,,,,,
379,8.88863E+11,287766092,Acer,,NT.MX3AA.005,287766092,888863333028,00888863333028,,2-cell,,No,Yes,,,,,16:10,1280 x 800,"10.1""",Intel,HD Graphics,DDR3L SDRAM,Shared,In-plane Switching (IPS) Technology,2 in 1 Netbook,NT.MX3AA.005,"Acer, Inc",SW3-013-1566,Aspire SW3-013-1566 2 in 1 Netbook,SW3-013,Acer,2 GB,DDR3L SDRAM,Aspire SW3-013-1566 2 in 1 NetbookLithium Polymer BatteryAC Adapter Keyboard Dock,,,Yes,Yes,IEEE 802.11a/b/g/n,2.65 lb,,"0.9""","10.3""","7.1""",No,,1.33 GHz,Atom,Z3735F,Quad-core (4 Core),Intel,Windows 10 Home,32-bit,Windows,,Yes,Yes,Yes,
380,8.89297E+11,280521932,,,,,,,,,,,,,,,,,,,,,,,,,,,,,,,,,,,,,,,,,,,,,,,,,,,,,,,,,,
381,8.88793E+11,295866930,,,,,,,,,,,,,,,,,,,,,,,,,,,,,,,,,,,,,,,,,,,,,,,,,,,,,,,,,,
382,8.89801E+11,285867380,,,,,,,,,,,,,,,,,,,,,,,,,,,,,,,,,,,,,,,,,,,,,,,,,,,,,,,,,,
385,8.88863E+11,277111440,ACER- CHROME PRODUCTS,,NX.EF3AA.004,277111440,888863051038,00888863051038,,4-cell,,No,,Yes,,2,1,16:9,1920 x 1080,"15.6""",Intel,HD Graphics,DDR3L SDRAM,Shared,ComfyView,Chromebook,NX.EF3AA.004,"Acer, Inc",C910-C37P,C910-C37P Notebook,C910,Acer,4 GB,DDR3L SDRAM,C910-C37P NotebookLithium Polymer BatteryAC Adapter,,,Yes,Yes,IEEE 802.11a/b/g/n/ac,4.85 lb,Black,"1""","15.1""","10.1""",No,32 GB,1.50 GHz,Celeron,3205U,Dual-core (2 Core),Intel,Chrome OS,,Chrome OS,,,,,
386,8.88794E+11,292333748,,,,,,,,,,,,,,,,,,,,,,,,,,,,,,,,,,,,,,,,,,,,,,,,,,,,,,,,,,
388,8.89894E+11,285009981,,,,,,,,,,,,,,,,,,,,,,,,,,,,,,,,,,,,,,,,,,,,,,,,,,,,,,,,,,
395,8.88794E+11,271886242,HP INC. - CONSUMER ENTRY,,K2L96UA#ABA,271886242,888793821121,00888793821121,,3-cell,7.75 Hour,,,Yes,,3,1,16:9,1366 x 768,"13.3""",Intel,HD Graphics,DDR3L SDRAM,Shared,,Notebook,K2L96UA#ABA,HP Inc.,13-c010nr,Stream Notebook - 13-c010nr (ENERGY STAR),13-c000,HP,2 GB,DDR3L SDRAM, Stream Notebook - 13-c010nr (ENERGY STAR) Lithium Ion Battery AC Adapter ,Yes,ENERGY STAR,Yes,Yes,IEEE 802.11b/g/n,3.42 lb,Blue Horizon,"0.8""","13.1""","9""",No,,2.16 GHz,Celeron,N2840,Dual-core (2 Core),Intel,Windows 8.1 with Bing,64-bit,Windows,1 Year,Yes,,,
396,8.89661E+11,284120069,Toshiba,,PDW0GU-005005,284120069,889661016052,00889661016052,,2-cell,,,Yes,,,2,,16:10,1920 x 1200,"10.1""",Intel,HD Graphics,DDR3 SDRAM,Shared,TruBrite,2 in 1 Netbook,PDW0GU-005005,Toshiba,LX0W-C64,Satellite Click 10 LX0W-C64 2 in 1 Netbook,LX0W-C,Toshiba,2 GB,DDR3 SDRAM, Satellite Click 10 LX0W-C64 2 in 1 Netbook AC Adapter Keyboard Dock ,Yes,RoHS /  EPEAT Gold /  ENERGY STAR,Yes,Yes,IEEE 802.11 a/g/n,2.40 lb,Satin Gold,"0.8""","10.2""","7.3""",,,1.44 GHz,Atom x5,x5-Z8300,Quad-core (4 Core),Intel,Windows 10 Home,64-bit,Windows,1 Year,Yes,Yes,Yes,
397,8.86228E+11,264022437,,,,,,,,,,,,,,,,,,,,,,,,,,,,,,,,,,,,,,,,,,,,,,,,,,,,,,,,,,
400,7.8692E+11,292340640,,,,,,,,,,,,,,,,,,,,,,,,,,,,,,,,,,,,,,,,,,,,,,,,,,,,,,,,,,
401,8.86228E+11,281872824,Asus,,90NB0481-M11340-RFBB,281872824,886227913671,00886227913671,,,,,,,,,,,,,,,,,,,,,,,,,,,,,,,,,,,,,,,,,,,,,,,,,,,,
402,8.88864E+11,295877435,Acer,,NT.G0MAA.006,295877435,888863607914,00888863607914,,2-cell,,,Yes,,,1,,16:10,1280 x 800,"10.1""",Intel,HD Graphics,DDR3L SDRAM,Shared,In-plane Switching (IPS) Technology,Notebook,NT.G0MAA.006,"Acer, Inc",SW3-013-12HH,Aspire Switch 10 E SW3-013-12HH Notebook,SW3-013,Acer,2 GB,DDR3L SDRAM, Aspire Switch 10 E SW3-013-12HH Notebook Lithium Polymer Battery AC Power Adapter AC Power Cord Keyboard Dock Setup Poster Registration/Limited Warranty Card ,,,Yes,Yes,IEEE 802.11a/b/g/n,2.54 lb,Peacock Blue,"0.9""","10.3""","7.1""",No,,1.33 GHz,Atom,Z3735F,Quad-core (4 Core),Intel,Windows 10 Home,32-bit,Windows,1 Year,Yes,Yes,Yes,32 GB
403,8.88864E+11,290195595,ACER - TABLETS,,NT.G8UAA.002,290195595,888863519330,00888863519330,,,,,Yes,,,1,1,16:10,1280 x 800,"10.1""",Intel,HD Graphics,LPDDR3,Shared,In-plane Switching (IPS) Technology,Net-tablet PC,NT.G8UAA.002,"Acer, Inc",SW3-016-10LF,Aspire SW3-016-10LF Net-tablet PC,SW3-016,Acer,2 GB,LPDDR3,Aspire SW3-016-10LF Net-tablet PCLithium Polymer BatteryAC Adapter Keyboard Dock,,,Yes,Yes,IEEE 802.11a/b/g/n,2.65 lb,,"0.9""","10.3""","7.1""",No,,1.44 GHz,Atom x5,x5-Z8300,Quad-core (4 Core),Intel,Windows 10 Home,64-bit,Windows,,,,,64 GB
406,8.88864E+11,290195552,ACER - TABLETS,,NT.G8WAA.002,290195552,888863519354,00888863519354,,,,,Yes,,,1,1,16:10,1280 x 800,"10.1""",Intel,HD Graphics,LPDDR3,Shared,In-plane Switching (IPS) Technology,Net-tablet PC,NT.G8WAA.002,"Acer, Inc",SW3-016-17WG,Aspire SW3-016-17WG Net-tablet PC,SW3-016,Acer,2 GB,LPDDR3,Aspire SW3-016-17WG Net-tablet PCLithium Polymer BatteryAC Adapter Keyboard Dock,,,Yes,Yes,IEEE 802.11a/b/g/n,2.65 lb,,"0.9""","10.3""","7.1""",No,,1.44 GHz,Atom x5,x5-Z8300,Quad-core (4 Core),Intel,Windows 10 Home,64-bit,Windows,,,,,64 GB
408,8.88863E+11,280917179,ACER- CHROME PRODUCTS,,NX.G14AA.002,280917179,888863175116,00888863175116,,4-cell,,No,,Yes,,2,2,16:9,1920 x 1080,"13.3""",NVIDIA,,DDR3L SDRAM,Shared,,Notebook,NX.G14AA.002,"Acer, Inc",C810-T9CA,C810-T9CA Notebook,C810,Acer,4 GB,DDR3L SDRAM,C810-T9CA NotebookLithium Ion BatteryAC Adapter,,,Yes,Yes,IEEE 802.11ac,3.31 lb,,"0.7""","12.9""","9""",No,16 GB,2.10 GHz,Tegra K1,CD570M-A1,Quad-core (4 Core),NVIDIA,Chrome OS,,Chrome OS,,,,,
410,8.88793E+11,265059884,,,,,,,,,,,,,,,,,,,,,,,,,,,,,,,,,,,,,,,,,,,,,,,,,,,,,,,,,,
412,8.88632E+11,268557075,,,,,,,,,,,,,,,,,,,,,,,,,,,,,,,,,,,,,,,,,,,,,,,,,,,,,,,,,,
413,8.89801E+11,292141919,Lenovo,Lenovo,Flex 3-1130,292141919,889800933943,00889800933943,,,,,,,,,,,,,,,,,,,,,,,,,,,,,,,,,,,,,,,,,,,,,,,,,,,,
414,8.88794E+11,292334087,,,,,,,,,,,,,,,,,,,,,,,,,,,,,,,,,,,,,,,,,,,,,,,,,,,,,,,,,,
417,8.88863E+11,294118866,,,,,,,,,,,,,,,,,,,,,,,,,,,,,,,,,,,,,,,,,,,,,,,,,,,,,,,,,,
418,8.89801E+11,285643406,Lenovo,,80LS001JUS,285643406,889800996917,00889800996917,,,,,,Yes,Yes,3,,16:9,,"14""",,,,,,Notebook,80LS001JUS,Lenovo Group Limited,80LS001JUS,B40-80 80LS001JUS Notebook,B40-80,Lenovo,4 GB,DDR3L SDRAM, B40-80 80LS001JUS Notebook Lithium Ion Battery AC Adapter ,Yes,RoHS,Yes,,,,,,,,,,1.70 GHz,Core i3,i3-4005U,Dual-core (2 Core),Intel,Windows 10,,Windows,,Yes,,,
419,8.88864E+11,290195587,ACER - TABLETS,,NT.G8VAA.003,290195587,888863519347,00888863519347,,,,,Yes,,,1,1,16:10,1280 x 800,"10.1""",Intel,HD Graphics,LPDDR3,Shared,In-plane Switching (IPS) Technology,Net-tablet PC,NT.G8VAA.003,"Acer, Inc",SW3-016-13VA,Aspire SW3-016-13VA Net-tablet PC,SW3-016,Acer,2 GB,LPDDR3,Aspire SW3-016-13VA Net-tablet PCLithium Polymer BatteryAC Adapter Keyboard Dock,,,Yes,Yes,IEEE 802.11a/b/g/n,2.65 lb,,"0.9""","10.3""","7.1""",No,,1.44 GHz,Atom x5,x5-Z8300,Quad-core (4 Core),Intel,Windows 10 Home,64-bit,Windows,,,,,64 GB
420,8.88864E+11,290195574,ACER - TABLETS,,NT.G8YAA.002,290195574,888863519378,00888863519378,,,,,Yes,,,1,1,16:10,1280 x 800,"10.1""",Intel,HD Graphics,LPDDR3,Shared,In-plane Switching (IPS) Technology,Net-tablet PC,NT.G8YAA.002,"Acer, Inc",SW3-016-1275,Aspire SW3-016-1275 Net-tablet PC,SW3-016,Acer,2 GB,LPDDR3,Aspire SW3-016-1275 Net-tablet PCLithium Polymer BatteryAC Adapter Keyboard Dock,,,Yes,Yes,IEEE 802.11a/b/g/n,2.65 lb,,"0.9""","10.3""","7.1""",No,,1.44 GHz,Atom x5,x5-Z8300,Quad-core (4 Core),Intel,Windows 10 Home,64-bit,Windows,,,,,64 GB
423,7.35858E+11,276883150,,,,,,,,,,,,,,,,,,,,,,,,,,,,,,,,,,,,,,,,,,,,,,,,,,,,,,,,,,
426,8.84116E+11,292336521,Dell Marketing USA  LP,,i3000-101SLV,292336521,884116204541,00884116204541,,,,,,,,,,,,,,,,,,,,,,,,,,,,,,,,,,,,,,,,,,,,,,,,,,,,
427,8.89894E+11,288375735,HP INC.,,N0B02AA #ABA,288375735,889894288141,00889894288141,,,,,,Yes,,4,4,,,,Intel,HD Graphics,DDR3L SDRAM,Shared,,Desktop Computer,N0B02AA #ABA,HP Inc.,300-240,Pavilion Mini Desktop - 300-240 (ENERGY STAR),300-200,HP,2 GB,DDR3L SDRAM, Pavilion Mini Desktop - 300-240 (ENERGY STAR) Power Adapter Wireless Keyboard Wireless Mouse USB Receiver ,Yes,ENERGY STAR /  EPEAT Silver,Yes,Yes,,1.46 lb,,"2.1""","5.7""","5.7""",,,1.50 GHz,Celeron,3205U,,Intel,Windows 10 Home,,Windows,1 Year,,,,
429,8.86228E+11,292335432,,,,,,,,,,,,,,,,,,,,,,,,,,,,,,,,,,,,,,,,,,,,,,,,,,,,,,,,,,
431,8.879E+11,271838125,ACER - TABLETS,,NT.L67AA.001,271838125,887899858932,00887899858932,,,,,Yes,,,,,16:9,1366 x 768,"11.6""",Intel,HD Graphics,LPDDR3,Shared,In-plane Switching (IPS) Technology,Net-tablet PC,NT.L67AA.001,"Acer, Inc",SW5-111-194G,Aspire SW5-111-194G Net-tablet PC,SW5-111,Acer,2 GB,LPDDR3,Aspire SW5-111-194G Net-tablet PCLithium Polymer BatteryAC Adapter Keyboard Dock,,,Yes,Yes,IEEE 802.11a/b/g/n,3.22 lb,,"1""","11.7""","8.1""",No,,1.33 GHz,Atom,Z3745,Quad-core (4 Core),Intel,Windows 8.1,32-bit,Windows,,,,,32 GB
433,8.879E+11,265607810,Acer,,NX.MKEAA.005,265607810,887899648601,00887899648601,,3-cell,7.50 Hour,No,Yes,Yes,,2,1,16:9,1366 x 768,"11.6""",Intel,HD Graphics,DDR3 SDRAM,Shared,,Chromebook,NX.MKEAA.005,"Acer, Inc",C720P-29554G03aww,C720P-29554G03aww Notebook,C720P,Acer,4 GB,DDR3L SDRAM,C720P-29554G03aww NotebookLithium Polymer BatteryAC Adapter,Yes,EPEAT Silver,Yes,Yes,IEEE 802.11a/b/g/n,2.87 lb,White,"0.8""","11.3""","8""",No,32 GB,1.40 GHz,Celeron,2955U,Dual-core (2 Core),Intel,Chrome OS,64-bit,Chrome OS,1 Year,,,Yes,
436,8.88864E+11,290663870,Acer,,NT.G1WAA.005,290663870,888863519309,00888863519309,,2-cell,,No,Yes,,,,,16:10,1280 x 800,"10.1""",Intel,HD Graphics,DDR3L SDRAM,Shared,In-plane Switching (IPS) Technology,2 in 1 Netbook,NT.G1WAA.005,"Acer, Inc",SW3-013-15UB,Aspire SW3-013-15UB 2 in 1 Netbook,SW3-013,Acer,2 GB,DDR3L SDRAM,Aspire SW3-013-15UB 2 in 1 NetbookLithium Polymer BatteryAC Adapter Keyboard Dock,,,Yes,Yes,IEEE 802.11a/b/g/n,2.65 lb,,"0.9""","10.3""","7.1""",No,,1.33 GHz,Atom,Z3735F,Quad-core (4 Core),Intel,Windows 10 Home,32-bit,Windows,,Yes,Yes,Yes,
438,8.89955E+11,289208928,Lenovo,Lenovo,10G9000NUS,289208928,889955459626,00889955459626,,,,,,,,6,6,,,,Intel,HD Graphics,DDR3L SDRAM,Shared,,Desktop Computer,10G9000NUS,Lenovo Group Limited,10G9000NUS,ThinkCentre M600 10G9000NUS Desktop Computer,M600,Lenovo,4 GB,DDR3L SDRAM, ThinkCentre M600 10G9000NUS Desktop Computer Keyboard Mouse Floor Stand Windows 10 Pro License Media AC/DC Adapter ,Yes,EPEAT Silver /  ErP Lot 3 /  GREENGUARD /  ENERGY STAR 6.0 /  RoHS,Yes,Yes,,2.90 lb,Black,"1.4""","7.1""","7.2""",No,,1.60 GHz,Pentium,N3700,,Intel,Windows 7 Professional Upgradable to Windows 10 Pro,64-bit,Windows,3 Year,,,,
444,8.88864E+11,290195559,ACER - TABLETS,,NT.G8XAA.002,290195559,888863519361,00888863519361,,,,,Yes,,,1,1,16:10,1280 x 800,"10.1""",Intel,HD Graphics,LPDDR3,Shared,In-plane Switching (IPS) Technology,Net-tablet PC,NT.G8XAA.002,"Acer, Inc",SW3-016-17QP,Aspire SW3-016-17QP Net-tablet PC,SW3-016,Acer,2 GB,LPDDR3,Aspire SW3-016-17QP Net-tablet PCLithium Polymer BatteryAC Adapter Keyboard Dock,,,Yes,Yes,IEEE 802.11a/b/g/n,2.65 lb,,"0.9""","10.3""","7.1""",No,,1.44 GHz,Atom x5,x5-Z8300,Quad-core (4 Core),Intel,Windows 10 Home,64-bit,Windows,,,,,64 GB
445,22265896495,285916194,,,,,,,,,,,,,,,,,,,,,,,,,,,,,,,,,,,,,,,,,,,,,,,,,,,,,,,,,,
446,8.87899E+11,258369672,,,,,,,,,,,,,,,,,,,,,,,,,,,,,,,,,,,,,,,,,,,,,,,,,,,,,,,,,,
447,8.898E+11,292336174,,,,,,,,,,,,,,,,,,,,,,,,,,,,,,,,,,,,,,,,,,,,,,,,,,,,,,,,,,
449,8.86228E+11,292339862,,,,,,,,,,,,,,,,,,,,,,,,,,,,,,,,,,,,,,,,,,,,,,,,,,,,,,,,,,
450,8.89233E+11,276650639,Lenovo,,20DH002TUS,276650639,889233224601,00889233224601,,6-cell,6.30 Hour,No,,Yes,Yes,3,2,16:9,1366 x 768,"15.6""",AMD,Radeon R7 M260DX /  Radeon R6,DDR3 SDRAM /  DDR3L SDRAM,Dedicated /  Shared,,Mobile Workstation,20DH002TUS,Lenovo Group Limited,20DH002TUS,ThinkPad E555 20DH002TUS Notebook,E555,Lenovo,4 GB,DDR3L SDRAM, ThinkPad E555 20DH002TUS Notebook Lithium Ion Battery AC Adapter Windows 8.1 Pro 64-bit (License Media) ,Yes,ENERGY STAR /  RoHS /  EPEAT Gold,Yes,Yes,IEEE 802.11b/g/n,5.20 lb,Graphite Black,"1.1""","14.8""","10""",DVD-Writer,,1.90 GHz,A-Series,A10-7300,Quad-core (4 Core),AMD,Windows 7 Professional Upgradable to Windows 8.1 Pro (English),64-bit,Windows,1 Year,Yes,,No,
453,8.879E+11,276319272,,,,,,,,,,,,,,,,,,,,,,,,,,,,,,,,,,,,,,,,,,,,,,,,,,,,,,,,,,
454,22265965832,292341341,,,,,,,,,,,,,,,,,,,,,,,,,,,,,,,,,,,,,,,,,,,,,,,,,,,,,,,,,,
455,8.89895E+11,294785523,Hewlett Packard,,P4C42UA#ABA,294785523,889894928443,00889894928443,,,,,,,,,,,,,,,,,,,,,,,,,,,,,,,,,,,,,,,,,,,,,,,,,,,,
456,8.88864E+11,292051292,Acer,,NX.VBWAA.001,292051292,888863509331,00888863509331,,4-cell,,No,Yes,Yes,Yes,2,1,16:9,1366 x 768,"11.6""",Intel,HD Graphics,DDR3L SDRAM,Shared,ComfyView,Notebook,NX.VBWAA.001,"Acer, Inc",TMB116-M-C0YH,TravelMate TMB116-M-C0YH Notebook,B116-M,Acer,4 GB,DDR3L SDRAM,TravelMate TMB116-M-C0YH NotebookLithium Ion BatteryAC Adapter,,,Yes,Yes,IEEE 802.11a/b/g/n/ac,2.76 lb,,"0.8""","11.5""","8.3""",No,,1.60 GHz,Celeron,N3050,Dual-core (2 Core),Intel,Windows 7 Professional Upgradable to Windows 10 Pro,64-bit,Windows,,,,,
457,8.89296E+11,285726865,Hewlett Packard,,15-R132WM-PB-RC,285726865,889296076827,00889296076827,,,,,,,,,,,,,,,,,,,,,,,,,,,,,,,,,,,,,,,,,,,,,,,,,,,,
458,8.86228E+11,254174065,,,,,,,,,,,,,,,,,,,,,,,,,,,,,,,,,,,,,,,,,,,,,,,,,,,,,,,,,,
460,8.89895E+11,291690687,HP INC. - SB NOTEBOOKS,,T6D95UT#ABA,291690687,889894702265,00889894702265,,,,,,,,,,,,,,,,,,,,,,,,,,,,,,,,,,,,,,,,,,,,,,,,,,,,
461,8.89234E+11,279188096,,,,,,,,,,,,,,,,,,,,,,,,,,,,,,,,,,,,,,,,,,,,,,,,,,,,,,,,,,
464,8.84116E+11,270617640,Dell,,i3541-5001BLK,270617640,884116145240,00884116145240,,4-cell,,,Yes,Yes,Yes,3,1,16:9,1366 x 768,"15.6""",AMD,Radeon R4 Graphics,DDR3L SDRAM,Shared,TrueLife,Notebook,i3541-5001BLK,"Dell, Inc",15-3541,Inspiron 15-3541 Notebook,15 3000,Dell,8 GB,DDR3L SDRAM, Inspiron 15-3541 Notebook Lithium Ion Battery AC Adapter ,Yes,EPEAT Silver /  ENERGY STAR,Yes,Yes,IEEE 802.11b/g/n,5.51 lb,Black,"1.1""","15""","10.5""",DVD-Writer,,2.40 GHz,A-Series,A6-6310,Quad-core (4 Core),AMD,Windows 8.1 (English),64-bit,Windows,,Yes,,Yes,
466,8.88794E+11,270163053,HP CONSUMER ENTRY,,J9V55UA#ABA,270163053,888793547052,00888793547052,,3-cell,,,,,,,,16:9,1366 x 768,"14""",AMD,Radeon R3 Graphics,,Shared,BrightView,Notebook,J9V55UA#ABA,HP Inc.,14-z010nr,Stream Notebook - 14-z010nr (ENERGY STAR),14-z000,HP,2 GB,, Stream Notebook - 14-z010nr (ENERGY STAR) Standard Battery AC Adapter ,Yes,ENERGY STAR,Yes,Yes,IEEE 802.11b/g/n,,Natural Silver /  Modern Silver,,,,,,1 GHz,A-Series,A4 Micro-6400T,Quad-core (4 Core),AMD,Windows 8.1,,Windows,,,,No,
467,8.88772E+11,265461409,,,,,,,,,,,,,,,,,,,,,,,,,,,,,,,,,,,,,,,,,,,,,,,,,,,,,,,,,,
468,8.89233E+11,276888787,Lenovo,Lenovo,20DU0009US,276888787,889233046753,00889233046753,,4-cell,8 Hour,No,Yes,Yes,No,2,1,16:9,1366 x 768,"11.6""",Intel,HD Graphics,DDR3L SDRAM,Shared,,Chromebook,20DU0009US,Lenovo Group Limited,20DU0009US,ThinkPad 11e Chromebook 20DU0009US Notebook,11e Chromebook,Lenovo,4 GB,DDR3L SDRAM,ThinkPad 11e Chromebook 20DU0009US&amp;nbsp;NotebookAC Adapter,Yes,ENERGY STAR 6.0 /  EPEAT Gold /  RoHS /  GREENGUARD,Yes,Yes,IEEE 802.11ac,3.09 lb,Graphite Black,"0.9""","11.8""","8.5""",No,,1.83 GHz,Celeron,N2940,Quad-core (4 Core),Intel,Chrome OS,,Chrome OS,1 Year,Yes,,No,16 GB
469,8.88793E+11,292333222,,,,,,,,,,,,,,,,,,,,,,,,,,,,,,,,,,,,,,,,,,,,,,,,,,,,,,,,,,
471,8.88863E+11,289116065,,,,,,,,,,,,,,,,,,,,,,,,,,,,,,,,,,,,,,,,,,,,,,,,,,,,,,,,,,
475,8.89233E+11,276476316,Lenovo,,20DH002QUS,276476316,889233225950,00889233225950,,,,,,,,,,,,,,,,,,,,,,,,,,,,,,,,,,,,,,,,,,,,,,,,,,,,
481,8.88793E+11,285928523,Hewlett Packard,,15-g035wm,285928523,888793402887,00888793402887,,,,,,,,,,,,,,,,,,,,,,,,,,,,,,,,,,,,,,,,,,,,,,,,,,,,
484,22265927892,285570946,Toshiba,Toshiba,C55D-B5102,285570946,022265927892,00022265927892,,,,,,,,,,,,,,,,,,,,,,,,,,,,,,,,,,,,,,,,,,,,,,,,,,,,
485,8.89894E+11,297509655,,,,,,,,,,,,,,,,,,,,,,,,,,,,,,,,,,,,,,,,,,,,,,,,,,,,,,,,,,
486,8.87899E+11,260974729,Acer,,NX.MHGAA.001,260974729,887899435058,00887899435058,,4-cell,4 Hour,No,Yes,Yes,Yes,3,1,16:9,1366 x 768,"15.6""",Intel,HD Graphics,DDR3 SDRAM,Shared,,Notebook,NX.MHGAA.001,"Acer, Inc",E1-532-29574G50Mnrr,Aspire E1-532-29574G50Mnrr Notebook,E1-532,Acer,4 GB,DDR3L SDRAM,Aspire E1-532-29574G50Mnrr NotebookLithium Ion BatteryAC Adapter,,,Yes,Yes,IEEE 802.11b/g/n,5.18 lb,Red,"1""","15""","10.1""",DVD-Writer,,1.40 GHz,Celeron,2957U,Dual-core (2 Core),Intel,Windows 7 Home Premium,64-bit,Windows,,,,,
487,8.88863E+11,277111445,ACER- CHROME PRODUCTS,,NX.EF3AA.003,277111445,888863051021,00888863051021,,4-cell,,No,,Yes,,2,1,16:9,1366 x 768,"15.6""",Intel,HD Graphics,DDR3L SDRAM,Shared,ComfyView,Chromebook,NX.EF3AA.003,"Acer, Inc",C910-C453,C910-C453 Notebook,C910,Acer,4 GB,DDR3L SDRAM,C910-C453 NotebookLithium Polymer BatteryAC Adapter,,,Yes,Yes,IEEE 802.11a/b/g/n/ac,4.85 lb,Black,"1""","15.1""","10.1""",No,16 GB,1.50 GHz,Celeron,3205U,Dual-core (2 Core),Intel,Chrome OS,,Chrome OS,,,,,
488,8.84116E+11,276661931,,,,,,,,,,,,,,,,,,,,,,,,,,,,,,,,,,,,,,,,,,,,,,,,,,,,,,,,,,
491,8.84116E+11,292341267,Dell Marketing USA  LP,,i5551-1667BLK,292341267,884116167075,00884116167075,,,,,,,,,,,,,,,,,,,,,,,,,,,,,,,,,,,,,,,,,,,,,,,,,,,,
494,8.879E+11,277111437,,,,,,,,,,,,,,,,,,,,,,,,,,,,,,,,,,,,,,,,,,,,,,,,,,,,,,,,,,
497,8.84116E+11,268141845,,,,,,,,,,,,,,,,,,,,,,,,,,,,,,,,,,,,,,,,,,,,,,,,,,,,,,,,,,
498,8.85909E+11,210459854,,,,,,,,,,,,,,,,,,,,,,,,,,,,,,,,,,,,,,,,,,,,,,,,,,,,,,,,,,
499,8.89297E+11,281800383,Hewlett Packard,,M5G69UTABA,281800383,889296686590,00889296686590,,3-cell,6.25 Hour,,Yes,Yes,Yes,3,1,16:9,1366 x 768,"15.6""",Intel,HD Graphics 4400,DDR3L SDRAM,Shared,,Notebook,M5G69UT#ABA,HP Inc.,,250 G3 Notebook,250 G3,HP,4 GB,DDR3L SDRAM,250 G3 NotebookLithium Ion BatteryAC Adapter,Yes,EPEAT Silver,Yes,Yes,,4.83 lb,Black Licorice,"1""","14.9""","10.2""",No,,1.70 GHz,Core i3,i3-4005U,Dual-core (2 Core),Intel,Windows 8.1,64-bit,Windows,,Yes,,No,
500,8.88863E+11,292342371,Acer,,SW3-013-12PS,292342371,888863333035,00888863333035,,2-cell,,No,Yes,,,,,16:10,1280 x 800,"10.1""",Intel,HD Graphics,DDR3L SDRAM,Shared,In-plane Switching (IPS) Technology,2 in 1 Netbook,SW3-013-12PS,"Acer, Inc",SW3-013-12PS,Aspire SW3-013-12PS 2 in 1 Netbook,SW3-013,Acer,2 GB,DDR3L SDRAM,Aspire SW3-013-12PS 2 in 1 NetbookLithium Polymer BatteryAC Adapter Keyboard Dock,,,Yes,Yes,IEEE 802.11a/b/g/n,2.65 lb,,"0.9""","10.3""","7.1""",No,,1.33 GHz,Atom,Z3735F,Quad-core (4 Core),Intel,Windows 10 Home,32-bit,Windows,,Yes,Yes,Yes,
501,8.89894E+11,292333710,,,,,,,,,,,,,,,,,,,,,,,,,,,,,,,,,,,,,,,,,,,,,,,,,,,,,,,,,,
503,8.89349E+11,287875108,Asus,Asus,90NB0748-M03650,287875108,889349161753,00889349161753,,,,,,,,,,,,,,,,,,,,,,,,,,,,,,,,,,,,,,,,,,,,,,,,,,,,
504,8.88794E+11,292340823,,,,,,,,,,,,,,,,,,,,,,,,,,,,,,,,,,,,,,,,,,,,,,,,,,,,,,,,,,
505,8.88793E+11,275597008,Hewlett Packard,,J8P60UA,275597008,888793452189,00888793452189,,,,,,,,,,,,,,,,,,,,,,,,,,,,,,,,,,,,,,,,,,,,,,,,,,,,
506,8.89296E+11,292333392,,,,,,,,,,,,,,,,,,,,,,,,,,,,,,,,,,,,,,,,,,,,,,,,,,,,,,,,,,
511,8.89297E+11,282382881,,,,,,,,,,,,,,,,,,,,,,,,,,,,,,,,,,,,,,,,,,,,,,,,,,,,,,,,,,
513,8.88864E+11,290195575,ACER - TABLETS,,NT.G8QAA.001,290195575,888863519323,00888863519323,,,,,Yes,,,1,1,16:10,1280 x 800,"10.1""",Intel,HD Graphics,LPDDR3,Shared,In-plane Switching (IPS) Technology,Net-tablet PC,NT.G8QAA.001,"Acer, Inc",SW3-016-19CR,Aspire SW3-016-19CR Net-tablet PC,SW3-016,Acer,2 GB,LPDDR3,Aspire SW3-016-19CR Net-tablet PCLithium Polymer BatteryAC Adapter Keyboard Dock,,,Yes,Yes,IEEE 802.11a/b/g/n,2.65 lb,,"0.9""","10.3""","7.1""",No,,1.44 GHz,Atom x5,x5-Z8300,Quad-core (4 Core),Intel,Windows 10 Home,64-bit,Windows,,,,,64 GB
520,1.90152E+11,293243696,,,,,,,,,,,,,,,,,,,,,,,,,,,,,,,,,,,,,,,,,,,,,,,,,,,,,,,,,,
522,1.90152E+11,294600069,Lenovo,Lenovo,80QQ00JGUS,294600069,190151712348,00190151712348,,,,,,,,,,,,,,,,,,,,,,,,,,,,,,,,,,,,,,,,,,,,,,,,,,,,
526,12304220725,260974729,Acer,,NX.MHGAA.001,260974729,887899435058,00887899435058,,4-cell,4 Hour,No,Yes,Yes,Yes,3,1,16:9,1366 x 768,"15.6""",Intel,HD Graphics,DDR3 SDRAM,Shared,,Notebook,NX.MHGAA.001,"Acer, Inc",E1-532-29574G50Mnrr,Aspire E1-532-29574G50Mnrr Notebook,E1-532,Acer,4 GB,DDR3L SDRAM,Aspire E1-532-29574G50Mnrr NotebookLithium Ion BatteryAC Adapter,,,Yes,Yes,IEEE 802.11b/g/n,5.18 lb,Red,"1""","15""","10.1""",DVD-Writer,,1.40 GHz,Celeron,2957U,Dual-core (2 Core),Intel,Windows 7 Home Premium,64-bit,Windows,,,,,
527,81159921040,292339479,,,,,,,,,,,,,,,,,,,,,,,,,,,,,,,,,,,,,,,,,,,,,,,,,,,,,,,,,,
528,8.86228E+11,270607159,ASUS - CHROMEBOOK,,C300MA-EDU2,270607159,886227891962,00886227891962,,3-cell,8 Hour,,,Yes,,2,1,16:9,1366 x 768,"13.3""",Intel,HD Graphics,DDR3L SDRAM,Shared,,Chromebook,90NB05W1-M00530,ASUS Computer International,C300MA-EDU2,Chromebook C300MA-EDU2 Notebook,C300MA,Asus,4 GB,DDR3L SDRAM, Chromebook C300MA-EDU2 Notebook Lithium Polymer Battery AC Adapter User E-Manual Warranty Card ,Yes,RoHS /  ENERGY STAR 4.0,Yes,Yes,IEEE 802.11ac,3.10 lb,Black,"0.9""","13""","9.1""",No,,2.16 GHz,Celeron,N2830,Dual-core (2 Core),Intel,Chrome OS,,Chrome OS,1 Year,Yes,,No,
529,8.86228E+11,276845668,,,,,,,,,,,,,,,,,,,,,,,,,,,,,,,,,,,,,,,,,,,,,,,,,,,,,,,,,,
531,8.89349E+11,292074460,,,,,,,,,,,,,,,,,,,,,,,,,,,,,,,,,,,,,,,,,,,,,,,,,,,,,,,,,,
532,8.89561E+11,292336718,,,,,,,,,,,,,,,,,,,,,,,,,,,,,,,,,,,,,,,,,,,,,,,,,,,,,,,,,,
534,8.84116E+11,288034951,Dell Consumer,,i5558-2572BLK,288034951,884116168034,00884116168034,,4-cell,7 Hour,,,Yes,Yes,3,1,16:9,1366 x 768,"15.6""",Intel,HD Graphics 5500,DDR3L SDRAM,Shared,TrueLife,Notebook,i5558-2572BLK,"Dell, Inc",15 5558,Inspiron 15 5558 Notebook,15 5000,Dell,4 GB,DDR3L SDRAM, Inspiron 15 5558 Notebook Lithium Ion Battery AC Adapter ,Yes,EPEAT Silver /  ENERGY STAR 6.0,Yes,Yes,IEEE 802.11ac,4.90 lb,Glossy Black,"0.9""","13.6""","9.6""",,,2.10 GHz,Core i3,i3-5015U,Dual-core (2 Core),Intel,Windows 10 Home (English),64-bit,Windows,,Yes,,Yes,
535,7.25184E+11,283973931,HP INC. - SB NOTEBOOKS,,N2S77UT#ABA,283973931,725184119309,00725184119309,,3-cell,,,,Yes,Yes,3,1,16:9,1366 x 768,"15.6""",AMD,Radeon R2 Graphics,DDR3L SDRAM,Shared,,Notebook,N2S77UT#ABA,HP Inc.,,255 G4 Notebook PC (ENERGY STAR),255 G4,HP,4 GB,DDR3L SDRAM, 255 G4 Notebook PC (ENERGY STAR) Lithium Ion Battery AC Adapter ,Yes,IT Eco Declaration /  WEEE /  RoHS /  EU WEEE /  ENERGY STAR /  EPEAT Silver /  REACH,Yes,Yes,IEEE 802.11b/g/n,4.73 lb,,"1""","15.1""","10""",,,1.40 GHz,E-Series,E1-6015,Dual-core (2 Core),AMD,Windows 8.1,64-bit,Windows,1 Year,Yes,,,
536,8.84116E+11,270725172,Dell,,i3148-6840sLV,270725172,884116147954,00884116147954,,,,,Yes,Yes,,3,1,16:9,1366 x 768,"11.6""",Intel,HD Graphics 4400,DDR3L SDRAM,Shared,TrueLife,2 in 1 Netbook,i3148-6840sLV,"Dell, Inc",11-3148,Inspiron 11-3148 2 in 1 Netbook,11 3000,Dell,4 GB,DDR3L SDRAM,Inspiron 11-3148 2 in 1 NetbookStandard BatteryAC Adapter,Yes,ENERGY STAR 5.2 /  EPEAT Silver,Yes,Yes,IEEE 802.11b/g/n,3.11 lb,Silver,"0.7""","11.8""","7.9""",,,1.70 GHz,Core i3,i3-4010U,Dual-core (2 Core),Intel,Windows 8.1 (English),64-bit,Windows,,,,Yes,
538,8.88863E+11,284926815,,,,,,,,,,,,,,,,,,,,,,,,,,,,,,,,,,,,,,,,,,,,,,,,,,,,,,,,,,
539,8.87899E+11,260974726,Acer,,NX.MHGAA.002,260974726,887899443244,00887899443244,,4-cell,4 Hour,No,Yes,Yes,Yes,3,1,16:9,1366 x 768,"15.6""",Intel,HD Graphics,DDR3 SDRAM,Shared,,Notebook,NX.MHGAA.002,"Acer, Inc",E1-532-35584G50Mnrr,Aspire E1-532-35584G50Mnrr Notebook,E1-532,Acer,4 GB,DDR3L SDRAM,Aspire E1-532-35584G50Mnrr NotebookLithium Ion BatteryAC Adapter,,,Yes,Yes,IEEE 802.11b/g/n,5.18 lb,Red,"1""","15""","10.1""",DVD-Writer,,1.70 GHz,Pentium,3558U,Dual-core (2 Core),Intel,Windows 7 Home Premium,64-bit,Windows,,,,,
540,8.879E+11,276427107,Acer,,ES1-512-C88M,276427107,887899764097,00887899764097,,,,,,,,,,,,,,,,,,,,,,,,,,,,,,,,,,,,,,,,,,,,,,,,,,,,
541,22265896815,277142694,Toshiba,,PSCLYU-01303H,277142694,022265896815,00022265896815,,,,,,,,,,,,,,,,,,,,,,,,,,,,,,,,,,,,,,,,,,,,,,,,,,,,
547,8.89899E+11,294123181,,,,,,,,,,,,,,,,,,,,,,,,,,,,,,,,,,,,,,,,,,,,,,,,,,,,,,,,,,
548,9.44414E+11,270095410,Acer,,NX.V9VAA.002,270095410,887899740305,00887899740305,,6-cell,,No,Yes,Yes,Yes,3,1,16:9,1366 x 768,"14""",Intel,,DDR3 SDRAM,Shared,ComfyView,Notebook,NX.V9VAA.002,"Acer, Inc",TMP246-M-33PH,TravelMate TMP246-M-33PH Notebook,P246-M,Acer,4 GB,DDR3L SDRAM,TravelMate TMP246-M-33PH NotebookLithium Ion BatteryAC Adapter,,,Yes,Yes,IEEE 802.11a/b/g/n,5.07 lb,Black,"1.2""","13.6""","9.8""",DVD-Writer,,1.80 GHz,Core i3,i3-4030U,,Intel,Windows 7 Professional Upgradable to Windows 8.1 Pro,64-bit,Windows,,,,,
553,8.40135E+11,272813888,Nabi,,77D01910,272813888,840135100998,00840135100998,,,,,,,,,,,,,,,,,,,,,,,,,,,,,,,,,,,,,,,,,,,,,,,,,,,,
558,8.84116E+11,291909703,,,,,,,,,,,,,,,,,,,,,,,,,,,,,,,,,,,,,,,,,,,,,,,,,,,,,,,,,,
561,8.89801E+11,292338315,,,,,,,,,,,,,,,,,,,,,,,,,,,,,,,,,,,,,,,,,,,,,,,,,,,,,,,,,,
563,8.88863E+11,283352783,ACER- CHROME PRODUCTS,,UM.WD1AA.B01,283352783,888863074914,00888863074914,,,,,,Yes,,6,4,,1920 x 1080,"21.5""",NVIDIA,Kepler GPU,DDR3 SDRAM,Shared,,All-in-One Computer,UM.WD1AA.B01,"Acer, Inc",,DC221HQ All-in-One Computer,,Acer,4 GB,DDR3 SDRAM, DC221HQ All-in-One Computer AC Adapter HDMI Cable USB Keyboard USB Mouse Power Cord ,,,Yes,Yes,,8.60 lb,White,"14.1""","20.9""","3""",,,2.10 GHz,Tegra K1,,,NVIDIA,Chrome OS,,Chrome OS,1 Year,,,,
564,8.88794E+11,283131010,,,,,,,,,,,,,,,,,,,,,,,,,,,,,,,,,,,,,,,,,,,,,,,,,,,,,,,,,,
566,8.88772E+11,270690550,,,,,,,,,,,,,,,,,,,,,,,,,,,,,,,,,,,,,,,,,,,,,,,,,,,,,,,,,,
569,7.38677E+11,292334337,,,,,,,,,,,,,,,,,,,,,,,,,,,,,,,,,,,,,,,,,,,,,,,,,,,,,,,,,,
570,8.88182E+11,257571505,Hewlett Packard,,F2R43UT#ABA,257571505,888182245477,00888182245477,,6-cell,9.65 Hour,Yes,,,Yes,4,4,16:9,1366 x 768,"14""",AMD,Radeon HD 8350G,DDR3L SDRAM,Shared,,Notebook,F2R43UT#ABA,HP Inc.,,ProBook 645 G1 Notebook PC (ENERGY STAR),645 G1,HP,4 GB,DDR3L SDRAM,ProBook 645 G1 Notebook PC (ENERGY STAR)Lithium Ion BatteryAC AdapterPower CordWindows 8 Pro License Media,Yes,ENERGY STAR /  IT Eco Declaration /  RoHS /  WEEE /  EU WEEE,Yes,Yes,IEEE 802.11a/b/g/n,4.40 lb,Black,"1.1""","13.4""","9.3""",DVD-Writer,,2.70 GHz,A-Series,A4-5150M,Dual-core (2 Core),AMD,Windows 7 Professional Upgradable to Windows 8 Pro (English),64-bit,Windows,1 Year,Yes,,No,
571,8.84116E+11,292338496,Dell Computers,,ecb55c7dc0e0f05,292338496,884116164562,00884116164562,,,,,,,,,,,,,,,,,,,,,,,,,,,,,,,,,,,,,,,,,,,,,,,,,,,,
572,8.88863E+11,284930957,ACER- CHROME PRODUCTS,,NX.G14AA.003,284930957,888863315048,00888863315048,,4-cell,,No,,Yes,,2,2,16:9,1366 x 768,"13.3""",NVIDIA,,DDR3L SDRAM,Shared,ComfyView,Chromebook,NX.G14AA.003,"Acer, Inc",C810-T78Y,C810-T78Y Notebook,C810,Acer,4 GB,DDR3L SDRAM,C810-T78Y NotebookLithium Ion BatteryAC Adapter,Yes,EPEAT Silver,Yes,Yes,IEEE 802.11ac,3.31 lb,,"0.7""","12.9""","9""",No,,2.10 GHz,Tegra K1,CD570M-A1,Quad-core (4 Core),NVIDIA,Chrome OS,,Chrome OS,,,,,
573,8.879E+11,270095399,Acer,,NX.V9VAA.003,270095399,887899740312,00887899740312,,6-cell,,No,Yes,Yes,Yes,3,1,16:9,1366 x 768,"14""",Intel,,DDR3 SDRAM,Shared,ComfyView,Notebook,NX.V9VAA.003,"Acer, Inc",TMP246-M-52X2,TravelMate TMP246-M-52X2 Notebook,P246-M,Acer,4 GB,DDR3L SDRAM,TravelMate TMP246-M-52X2 NotebookLithium Ion BatteryAC Adapter,,,Yes,Yes,IEEE 802.11a/b/g/n,5.07 lb,Black,"1.2""","13.6""","9.8""",DVD-Writer,,1.70 GHz,Core i5,i5-4210U,,Intel,Windows 7 Professional Upgradable to Windows 8.1 Pro,64-bit,Windows,,,,,
574,8.88794E+11,277388601,Hewlett Packard,,J2X64UA,277388601,888793549872,00888793549872,,,,,,,,,,,,,,,,,,,,,,,,,,,,,,,,,,,,,,,,,,,,,,,,,,,,
575,8.89296E+11,288382831,Hewlett Packard,,CX-15-F125WM-PB-RCB,288382831,889296220961,00889296220961,,,,,,,,,,,,,,,,,,,,,,,,,,,,,,,,,,,,,,,,,,,,,,,,,,,,
576,8.879E+11,285928044,,,,,,,,,,,,,,,,,,,,,,,,,,,,,,,,,,,,,,,,,,,,,,,,,,,,,,,,,,
577,8.879E+11,276347713,,,,,,,,,,,,,,,,,,,,,,,,,,,,,,,,,,,,,,,,,,,,,,,,,,,,,,,,,,
579,8.89801E+11,286066200,,,,,,,,,,,,,,,,,,,,,,,,,,,,,,,,,,,,,,,,,,,,,,,,,,,,,,,,,,
581,8.89899E+11,294033426,Hewlett Packard,,V2W32UT#ABA,294033426,889899102732,00889899102732,,,,,,,,,,,,,,,,,,,,,,,,,,,,,,,,,,,,,,,,,,,,,,,,,,,,
585,8.88863E+11,283592185,Acer,,NX.MPKAA.013,283592185,888863172276,00888863172276,,6-cell,,No,Yes,Yes,Yes,3,1,16:9,1366 x 768,"15.6""",Intel,HD Graphics,DDR3L SDRAM,Shared,,Notebook,NX.MPKAA.013,"Acer, Inc",E5-511-C33M,Aspire E5-511-C33M Notebook,E5-511,Acer,4 GB,DDR3L SDRAM,Aspire E5-511-C33M NotebookLithium Ion BatteryAC Adapter,,,Yes,Yes,IEEE 802.11b/g/n,5.51 lb,,"1.2""","15""","10.1""",DVD-Writer,,1.83 GHz,Celeron,N2940,Quad-core (4 Core),Intel,Windows 8.1,64-bit,Windows,,,,,
587,8.88863E+11,288389790,Acer,,NX.MYYAA.002,288389790,888863117871,00888863117871,,4-cell,,No,Yes,Yes,Yes,3,2,16:9,1366 x 768,"15.6""",Intel,HD Graphics,DDR3L SDRAM,Shared,ComfyView,Notebook,NX.MYYAA.002,"Acer, Inc",E5-532-C0K3,Aspire E5-532-C0K3 Notebook,E5-532,Acer,4 GB,DDR3L SDRAM,Aspire E5-532-C0K3 NotebookLithium Ion BatteryAC Adapter,,,Yes,Yes,IEEE 802.11ac,5.29 lb,,"1.1""","15""","10.1""",DVD-Writer,,1.60 GHz,Celeron,N3150,Quad-core (4 Core),Intel,Windows 10 Home,64-bit,Windows,,,,,
588,8.88863E+11,288389791,Acer,,NX.MYVAA.004,288389791,888863341610,00888863341610,,4-cell,,No,Yes,Yes,Yes,3,2,16:9,1366 x 768,"15.6""",Intel,HD Graphics,DDR3L SDRAM,Shared,ComfyView,Notebook,NX.MYVAA.004,"Acer, Inc",E5-532-C7K4,Aspire E5-532-C7K4 Notebook,E5-532,Acer,4 GB,DDR3L SDRAM,Aspire E5-532-C7K4 NotebookLithium Ion BatteryAC Adapter,,,Yes,Yes,IEEE 802.11ac,5.29 lb,,"1.1""","15""","10.1""",DVD-Writer,,1.60 GHz,Celeron,N3150,Quad-core (4 Core),Intel,Windows 10 Home,64-bit,Windows,,,,,
589,8.88863E+11,288389762,,,,,,,,,,,,,,,,,,,,,,,,,,,,,,,,,,,,,,,,,,,,,,,,,,,,,,,,,,
591,8.879E+11,275311136,Acer,,NX.VA1AA.007,275311136,887899981548,00887899981548,,4-cell,7 Hour,No,Yes,Yes,Yes,3,1,16:9,1366 x 768,"11.6""",Intel,HD Graphics,DDR3L SDRAM,Shared,ComfyView,Notebook,NX.VA1AA.007,"Acer, Inc",TMB115-M-C99B,TravelMate TMB115-M-C99B Notebook,B115-M,Acer,4 GB,DDR3L SDRAM,TravelMate TMB115-M-C99B NotebookLithium Ion BatteryAC Adapter,,,Yes,Yes,IEEE 802.11a/b/g/n,2.91 lb,Black,"0.8""","11.5""","8.3""",No,,2.16 GHz,Celeron,N2840,Dual-core (2 Core),Intel,Windows 7 Professional,64-bit,Windows,,,,,
592,8.89895E+11,288371972,HP INC. - SB NOTEBOOKS,,T4M36UT#ABA,288371972,889894582935,00889894582935,,3-cell,4.50 Hour,,,Yes,Yes,3,1,16:9,1366 x 768,"15.6""",AMD,Radeon R2,DDR3L SDRAM,Shared,,Notebook,T4M36UT#ABA,HP Inc.,,255 G4 Notebook PC (ENERGY STAR),255 G4,HP,4 GB,DDR3L SDRAM,255 G4 Notebook PC (ENERGY STAR)Lithium Polymer BatteryAC AdapterWindows 10 Pro Liscense Media,Yes,ENERGY STAR,Yes,Yes,IEEE 802.11b/g/n,4.63 lb,,"1""","15.1""","10""",DVD-Writer,,1.40 GHz,E-Series,E1-6015,Dual-core (2 Core),AMD,Windows 7 Professional Upgradable to Windows 10 Pro,64-bit,Windows,1 Year,,,,
593,8.84116E+11,292335808,,,,,,,,,,,,,,,,,,,,,,,,,,,,,,,,,,,,,,,,,,,,,,,,,,,,,,,,,,
595,8.89661E+11,292339794,Toshiba America Information Systems  INC,,819732881cf6d659,292339794,889661034049,00889661034049,,,,,,,,,,,,,,,,,,,,,,,,,,,,,,,,,,,,,,,,,,,,,,,,,,,,
598,8.87173E+11,292340099,,,,,,,,,,,,,,,,,,,,,,,,,,,,,,,,,,,,,,,,,,,,,,,,,,,,,,,,,,
600,12300268271,260974726,Acer,,NX.MHGAA.002,260974726,887899443244,00887899443244,,4-cell,4 Hour,No,Yes,Yes,Yes,3,1,16:9,1366 x 768,"15.6""",Intel,HD Graphics,DDR3 SDRAM,Shared,,Notebook,NX.MHGAA.002,"Acer, Inc",E1-532-35584G50Mnrr,Aspire E1-532-35584G50Mnrr Notebook,E1-532,Acer,4 GB,DDR3L SDRAM,Aspire E1-532-35584G50Mnrr NotebookLithium Ion BatteryAC Adapter,,,Yes,Yes,IEEE 802.11b/g/n,5.18 lb,Red,"1""","15""","10.1""",DVD-Writer,,1.70 GHz,Pentium,3558U,Dual-core (2 Core),Intel,Windows 7 Home Premium,64-bit,Windows,,,,,
